-- phpMyAdmin SQL Dump
-- version 4.0.10deb1
-- http://www.phpmyadmin.net
--
-- Host: localhost
-- Generation Time: Nov 03, 2015 at 01:59 AM
-- Server version: 5.6.19-0ubuntu0.14.04.1
-- PHP Version: 5.5.9-1ubuntu4.13

SET SQL_MODE = "NO_AUTO_VALUE_ON_ZERO";
SET time_zone = "+00:00";


/*!40101 SET @OLD_CHARACTER_SET_CLIENT=@@CHARACTER_SET_CLIENT */;
/*!40101 SET @OLD_CHARACTER_SET_RESULTS=@@CHARACTER_SET_RESULTS */;
/*!40101 SET @OLD_COLLATION_CONNECTION=@@COLLATION_CONNECTION */;
/*!40101 SET NAMES utf8 */;

--
-- Database: `seats`
--

-- --------------------------------------------------------

--
-- Table structure for table `admin`
--

CREATE TABLE IF NOT EXISTS `admin` (
  `admin_id` int(11) NOT NULL AUTO_INCREMENT,
  `admin_first_name` varchar(250) DEFAULT NULL,
  `admin_last_name` varchar(200) DEFAULT NULL,
  `admin_email_add` varchar(250) DEFAULT NULL,
  `admin_password` varchar(150) DEFAULT NULL,
  `admin_role` int(11) DEFAULT NULL,
  `admin_restaurant_id` varchar(200) DEFAULT NULL,
  `admin_activated` enum('0','1') DEFAULT NULL,
  `admin_logged` enum('0','1') DEFAULT NULL,
  `created_at` timestamp NOT NULL DEFAULT CURRENT_TIMESTAMP,
  `updated_at` timestamp NOT NULL DEFAULT CURRENT_TIMESTAMP,
  PRIMARY KEY (`admin_id`)
) ENGINE=InnoDB  DEFAULT CHARSET=latin1 AUTO_INCREMENT=3 ;

--
-- Dumping data for table `admin`
--

INSERT INTO `admin` (`admin_id`, `admin_first_name`, `admin_last_name`, `admin_email_add`, `admin_password`, `admin_role`, `admin_restaurant_id`, `admin_activated`, `admin_logged`, `created_at`, `updated_at`) VALUES
(1, 'Test', 'Admin', 'admin@seats.com', '$2y$10$Nm0ce8odLh4owvE480GxluhTpICu3HFG/QhuoxrCUWtkGbl.p8jD6', 0, '0', '1', '1', '2015-08-27 17:57:34', '2015-10-05 11:06:48'),
(2, 'testing', 'test', 'test@seats.com', '$2y$10$Tz1s744dfPsrWlVvDksX5.ioSN8j7HT.8cWQNKLKxFjbB4ahhbp.O', 0, NULL, '0', '', '2015-09-17 18:05:47', '2015-09-17 18:05:47');

-- --------------------------------------------------------

--
-- Table structure for table `dashboard`
--

CREATE TABLE IF NOT EXISTS `dashboard` (
  `id` int(11) NOT NULL AUTO_INCREMENT,
  `created_at` timestamp NULL DEFAULT CURRENT_TIMESTAMP,
  `updated_at` timestamp NULL DEFAULT NULL ON UPDATE CURRENT_TIMESTAMP,
  `status` varchar(45) DEFAULT 'pending' COMMENT 'type \n- restaurant\n- mood\n- location\n- promo',
  `type` varchar(45) DEFAULT 'restaurant',
  `order` int(11) DEFAULT NULL,
  `id_raw_restaurant` text,
  `moods` longtext,
  `promo_title` text,
  `promo_description` text,
  `promo_location` text,
  PRIMARY KEY (`id`)
) ENGINE=InnoDB DEFAULT CHARSET=utf8 AUTO_INCREMENT=1 ;

-- --------------------------------------------------------

--
-- Table structure for table `email_notif_details`
--

CREATE TABLE IF NOT EXISTS `email_notif_details` (
  `notif_email_id` int(11) NOT NULL AUTO_INCREMENT,
  `notif_id` int(11) NOT NULL,
  `notif_email` varchar(150) NOT NULL,
  `created_at` timestamp NOT NULL DEFAULT CURRENT_TIMESTAMP,
  `created_by` int(11) NOT NULL,
  `updated_at` timestamp NOT NULL DEFAULT CURRENT_TIMESTAMP,
  `updated_by` int(11) NOT NULL,
  PRIMARY KEY (`notif_email_id`)
) ENGINE=InnoDB DEFAULT CHARSET=latin1 AUTO_INCREMENT=1 ;

-- --------------------------------------------------------

--
-- Table structure for table `favorites`
--

CREATE TABLE IF NOT EXISTS `favorites` (
  `id` int(11) NOT NULL AUTO_INCREMENT,
  `created_at` timestamp NULL DEFAULT CURRENT_TIMESTAMP,
  `updated_at` timestamp NULL DEFAULT NULL ON UPDATE CURRENT_TIMESTAMP,
  `status` varchar(45) DEFAULT 'active',
  `type` varchar(45) DEFAULT 'favorite',
  `id_raw_user` text,
  `id_raw_restaurant` text,
  `id_user` int(11) DEFAULT NULL,
  `comments` longtext,
  PRIMARY KEY (`id`)
) ENGINE=InnoDB  DEFAULT CHARSET=utf8 AUTO_INCREMENT=233 ;

--
-- Dumping data for table `favorites`
--

INSERT INTO `favorites` (`id`, `created_at`, `updated_at`, `status`, `type`, `id_raw_user`, `id_raw_restaurant`, `id_user`, `comments`) VALUES
(5, '2015-08-13 02:42:12', NULL, 'active', 'favorite', '55cb1b03e4b07e4ac935a168', '54c9cf28e4b006e8e6ce9bb0', 8, NULL),
(6, '2015-09-01 02:42:07', NULL, 'active', 'favorite', '55c85402e4b0dab9ae4da428', NULL, 2, NULL),
(8, '2015-09-06 07:09:55', NULL, 'active', 'favorite', '55e04a30e4b0dab9ae4da525', '54c9cf28e4b006e8e6ce9bb', 21, NULL),
(9, '2015-09-06 07:14:25', NULL, 'active', 'favorite', '55e04a30e4b0dab9ae4da525', '54c9e901e4b006e8e6ce9e7', 21, NULL),
(10, '2015-09-06 07:29:08', NULL, 'active', 'favorite', '55e04a30e4b0dab9ae4da525', '54c9f31de4b006e8e6cea20', 21, NULL),
(11, '2015-09-06 07:39:08', NULL, 'active', 'favorite', '55e04a30e4b0dab9ae4da525', '54c9cf28e4b006e8e6ce9bb0', 21, NULL),
(12, '2015-09-06 15:50:39', NULL, 'active', 'favorite', '55e04a30e4b0dab9ae4da525', '54c9f31de4b006e8e6cea203', 21, NULL),
(13, '2015-09-06 15:50:45', NULL, 'active', 'favorite', '55e04a30e4b0dab9ae4da525', '54c9e901e4b006e8e6ce9e76', 21, NULL),
(14, '2015-09-06 16:26:30', NULL, 'active', 'favorite', '55e04a30e4b0dab9ae4da525', '54e1b551e4b0dcdb5bfcf94b', 21, NULL),
(15, '2015-09-06 16:32:44', NULL, 'active', 'favorite', '55e04a30e4b0dab9ae4da525', '5538aa9de4b0f1bb4378cff4', 21, NULL),
(68, '2015-09-13 10:50:05', NULL, 'active', 'favorite', '55ebde61e4b0dab9ae4da643', '54e2e9bee4b0dcdb5bfcf9c4', 23, NULL),
(69, '2015-09-13 10:50:05', NULL, 'active', 'favorite', '55ebde61e4b0dab9ae4da643', '54e2e7f8e4b0dcdb5bfcf9b5', 23, NULL),
(70, '2015-09-13 10:50:10', NULL, 'active', 'favorite', '55ebde61e4b0dab9ae4da643', '54e2e4f0e4b0dcdb5bfcf99d', 23, NULL),
(72, '2015-09-13 10:50:16', NULL, 'active', 'favorite', '55ebde61e4b0dab9ae4da643', '54e2f897e4b0dcdb5bfcfa02', 23, NULL),
(73, '2015-09-13 10:50:17', NULL, 'active', 'favorite', '55ebde61e4b0dab9ae4da643', '54e2f253e4b0dcdb5bfcf9e7', 23, NULL),
(76, '2015-09-13 10:50:48', NULL, 'active', 'favorite', '55ebde61e4b0dab9ae4da643', '54e300b6e4b0dcdb5bfcfb26', 23, NULL),
(77, '2015-09-13 10:50:50', NULL, 'active', 'favorite', '55ebde61e4b0dab9ae4da643', '54e2fc38e4b0dcdb5bfcfa98', 23, NULL),
(79, '2015-09-13 10:57:53', NULL, 'active', 'favorite', '55ebde61e4b0dab9ae4da643', '54ec2942e4b0dcdb5bfd345d', 23, NULL),
(80, '2015-09-13 10:59:52', NULL, 'active', 'favorite', '55ebde61e4b0dab9ae4da643', '54ec38e7e4b0dcdb5bfd37a9', 23, NULL),
(82, '2015-09-13 11:00:12', NULL, 'active', 'favorite', '55ebde61e4b0dab9ae4da643', '54ed4980e4b0dcdb5bfd3ae5', 23, NULL),
(84, '2015-09-13 12:58:18', NULL, 'active', 'favorite', '55ebde61e4b0dab9ae4da643', '54eeb401e4b0dcdb5bfd4437', 23, NULL),
(92, '2015-09-13 14:10:40', NULL, 'active', 'favorite', '55ebde61e4b0dab9ae4da643', '54ec2fa2e4b0dcdb5bfd3550', 23, NULL),
(93, '2015-09-13 14:11:09', NULL, 'active', 'favorite', '55ebde61e4b0dab9ae4da643', '54ee7bc9e4b0dcdb5bfd3eb8', 23, NULL),
(97, '2015-09-13 14:44:38', NULL, 'active', 'favorite', '55ebde61e4b0dab9ae4da643', '54e1b781e4b0dcdb5bfcf95b', 23, NULL),
(98, '2015-09-14 04:53:52', NULL, 'active', 'favorite', '55ebde61e4b0dab9ae4da643', '54d4381ae4b006e8e6ceb207', 23, NULL),
(99, '2015-09-14 04:54:10', NULL, 'active', 'favorite', '55ebde61e4b0dab9ae4da643', '54d436abe4b006e8e6ceb1a2', 23, NULL),
(101, '2015-09-14 06:41:53', NULL, 'active', 'favorite', '55ebde61e4b0dab9ae4da643', '54e2f701e4b0dcdb5bfcf9f9', 23, NULL),
(103, '2015-09-14 06:41:57', NULL, 'active', 'favorite', '55ebde61e4b0dab9ae4da643', '54e313e4e4b0dcdb5bfcfb68', 23, NULL),
(104, '2015-09-14 06:42:00', NULL, 'active', 'favorite', '55ebde61e4b0dab9ae4da643', '54dc4835e4b00654eada0b6f', 23, NULL),
(105, '2015-09-14 06:42:01', NULL, 'active', 'favorite', '55ebde61e4b0dab9ae4da643', '54e4479fe4b0dcdb5bfd05e2', 23, NULL),
(107, '2015-09-14 06:42:11', NULL, 'active', 'favorite', '55ebde61e4b0dab9ae4da643', '55233249e4b0f1bb4378cbbd', 23, NULL),
(108, '2015-09-14 06:42:22', NULL, 'active', 'favorite', '55ebde61e4b0dab9ae4da643', '54e44860e4b0dcdb5bfd05ea', 23, NULL),
(109, '2015-09-14 06:42:24', NULL, 'active', 'favorite', '55ebde61e4b0dab9ae4da643', '54e2fdcbe4b0dcdb5bfcfaa4', 23, NULL),
(110, '2015-09-14 06:42:29', NULL, 'active', 'favorite', '55ebde61e4b0dab9ae4da643', '5567c304e4b0032e0789944b', 23, NULL),
(111, '2015-09-14 06:42:43', NULL, 'active', 'favorite', '55ebde61e4b0dab9ae4da643', '54e1aa42e4b0dcdb5bfcf906', 23, NULL),
(113, '2015-09-14 06:42:59', NULL, 'active', 'favorite', '55ebde61e4b0dab9ae4da643', '54dc4c13e4b00654eada0b8f', 23, NULL),
(114, '2015-09-14 06:43:00', NULL, 'active', 'favorite', '55ebde61e4b0dab9ae4da643', '54e310bbe4b0dcdb5bfcfb58', 23, NULL),
(115, '2015-09-14 06:43:01', NULL, 'active', 'favorite', '55ebde61e4b0dab9ae4da643', '5538aa9de4b0f1bb4378cff4', 23, NULL),
(116, '2015-09-14 06:46:26', NULL, 'active', 'favorite', '55ebde61e4b0dab9ae4da643', '54d9b30de4b006e8e6cec0c9', 23, NULL),
(117, '2015-09-14 06:46:27', NULL, 'active', 'favorite', '55ebde61e4b0dab9ae4da643', '54d9b527e4b006e8e6cec12f', 23, NULL),
(118, '2015-09-14 06:46:29', NULL, 'active', 'favorite', '55ebde61e4b0dab9ae4da643', '54d9b766e4b006e8e6cec195', 23, NULL),
(119, '2015-09-14 06:46:31', NULL, 'active', 'favorite', '55ebde61e4b0dab9ae4da643', '54d9b968e4b006e8e6cec261', 23, NULL),
(120, '2015-09-14 06:46:39', NULL, 'active', 'favorite', '55ebde61e4b0dab9ae4da643', '54d9b198e4b006e8e6cec063', 23, NULL),
(121, '2015-09-14 06:46:40', NULL, 'active', 'favorite', '55ebde61e4b0dab9ae4da643', '54d9af77e4b006e8e6cebffd', 23, NULL),
(122, '2015-09-14 06:46:44', NULL, 'active', 'favorite', '55ebde61e4b0dab9ae4da643', '54d9ba7fe4b006e8e6cec2c7', 23, NULL),
(123, '2015-09-14 06:46:54', NULL, 'active', 'favorite', '55ebde61e4b0dab9ae4da643', '54d9becfe4b006e8e6cec32e', 23, NULL),
(124, '2015-09-14 06:46:56', NULL, 'active', 'favorite', '55ebde61e4b0dab9ae4da643', '54d9c2cfe4b006e8e6cec394', 23, NULL),
(125, '2015-09-14 06:47:41', NULL, 'active', 'favorite', '55ebde61e4b0dab9ae4da643', '54dc25dce4b00654eada0b4c', 23, NULL),
(126, '2015-09-14 06:47:46', NULL, 'active', 'favorite', '55ebde61e4b0dab9ae4da643', '54dc28cbe4b00654eada0b5c', 23, NULL),
(127, '2015-09-14 06:47:56', NULL, 'active', 'favorite', '55ebde61e4b0dab9ae4da643', '54dc4936e4b00654eada0b77', 23, NULL),
(128, '2015-09-14 06:47:59', NULL, 'active', 'favorite', '55ebde61e4b0dab9ae4da643', '54dc4b15e4b00654eada0b87', 23, NULL),
(129, '2015-09-14 06:48:03', NULL, 'active', 'favorite', '55ebde61e4b0dab9ae4da643', '54dc4ffee4b00654eada0bad', 23, NULL),
(130, '2015-09-14 06:48:08', NULL, 'active', 'favorite', '55ebde61e4b0dab9ae4da643', '54dc5338e4b00654eada0bbd', 23, NULL),
(131, '2015-09-14 06:48:09', NULL, 'active', 'favorite', '55ebde61e4b0dab9ae4da643', '54dc5569e4b00654eada0bc5', 23, NULL),
(133, '2015-09-14 12:20:43', NULL, 'active', 'favorite', '55ebde61e4b0dab9ae4da643', '54c9a287e4b006e8e6ce9a7a', 23, NULL),
(138, '2015-09-18 02:14:10', NULL, 'active', 'favorite', '55ebde61e4b0dab9ae4da643', '55389a34e4b0f1bb4378cf88', 23, NULL),
(139, '2015-09-21 05:51:48', NULL, 'active', 'favorite', '55ff980fe4b0dab9ae4dab18', '54ec1912e4b0dcdb5bfd32de', 36, NULL),
(141, '2015-09-21 06:03:35', NULL, 'active', 'favorite', '55ff980fe4b0dab9ae4dab18', '54fff02ee4b072fbaceefc83', 36, NULL),
(142, '2015-09-21 06:59:53', NULL, 'active', 'favorite', '55ff980fe4b0dab9ae4dab18', '550a202ee4b0f1bb4378c14d', 36, NULL),
(143, '2015-09-21 07:10:00', NULL, 'active', 'favorite', '55ff980fe4b0dab9ae4dab18', '55137db1e4b0f1bb4378c68d', 36, NULL),
(148, '2015-09-21 08:08:23', NULL, 'active', 'favorite', '55ffb678e4b0dab9ae4dab51', '54fff02ee4b072fbaceefc83', 47, NULL),
(169, '2015-09-24 08:01:37', NULL, 'active', 'favorite', '55ebde61e4b0dab9ae4da643', '54ec2b68e4b0dcdb5bfd3471', 23, NULL),
(170, '2015-09-29 07:11:17', NULL, 'active', 'favorite', '55f1a01fe4b0dab9ae4da7f8', '54ee94e4e4b0dcdb5bfd434c', 28, NULL),
(171, '2015-09-29 07:11:53', NULL, 'active', 'favorite', '55f1a01fe4b0dab9ae4da7f8', '54ee8f1ee4b0dcdb5bfd4265', 28, NULL),
(179, '2015-09-29 08:40:36', NULL, 'active', 'favorite', '560a489ee4b0dab9ae4dabde', '54fff02ee4b072fbaceefc83', 58, NULL),
(181, '2015-10-05 04:15:49', NULL, 'active', 'favorite', '55ebde61e4b0dab9ae4da643', '550a202ee4b0f1bb4378c14d', 23, NULL),
(183, '2015-10-05 04:22:52', NULL, 'active', 'favorite', '55ebde61e4b0dab9ae4da643', '54f3d520e4b0dcdb5bfd4dec', 23, NULL),
(185, '2015-10-05 06:18:36', NULL, 'active', 'favorite', '55f63dd2e4b0dab9ae4da944', '54f3d520e4b0dcdb5bfd4dec', 32, NULL),
(186, '2015-10-05 06:18:39', NULL, 'active', 'favorite', '55f63dd2e4b0dab9ae4da944', '54fff02ee4b072fbaceefc83', 32, NULL),
(187, '2015-10-05 06:20:22', NULL, 'active', 'favorite', '55f63dd2e4b0dab9ae4da944', '550138eee4b072fbaceefccb', 32, NULL),
(193, '2015-10-05 06:36:15', NULL, 'active', 'favorite', '55ebde61e4b0dab9ae4da643', '5508e996e4b0f1bb4378c069', 23, NULL),
(198, '2015-10-06 02:47:36', NULL, 'active', 'favorite', '55c85402e4b0dab9ae4da428', '551211bfe4b0f1bb4378c31f', 2, NULL),
(203, '2015-10-12 02:06:46', NULL, 'active', 'favorite', '55e95465e4b0dab9ae4da5d5', '54f02412e4b0dcdb5bfd4baf', 22, NULL),
(204, '2015-10-12 02:08:27', NULL, 'active', 'favorite', '55e95465e4b0dab9ae4da5d5', '550a202ee4b0f1bb4378c14d', 22, NULL),
(205, '2015-10-12 08:06:39', NULL, 'active', 'favorite', '55cb1b03e4b07e4ac935a168', '54ed8e2ee4b0dcdb5bfd3c03', 8, NULL),
(206, '2015-10-12 08:06:48', NULL, 'active', 'favorite', '55cb1b03e4b07e4ac935a168', '5567c304e4b0032e0789944b', 8, NULL),
(207, '2015-10-12 08:12:55', NULL, 'active', 'favorite', '55cb1b03e4b07e4ac935a168', '54f3d520e4b0dcdb5bfd4dec', 8, NULL),
(209, '2015-10-22 10:46:25', NULL, 'active', 'favorite', '55f63dd2e4b0dab9ae4da944', '55ded7a8e4b0032e0789b486', 32, NULL),
(213, '2015-10-23 05:26:50', NULL, 'active', 'favorite', '55e95465e4b0dab9ae4da5d5', '5538aa9de4b0f1bb4378cff4', 22, NULL),
(214, '2015-10-23 05:26:51', NULL, 'active', 'favorite', '55e95465e4b0dab9ae4da5d5', '55389a34e4b0f1bb4378cf88', 22, NULL),
(215, '2015-10-23 05:26:52', NULL, 'active', 'favorite', '55e95465e4b0dab9ae4da5d5', '55137db1e4b0f1bb4378c68d', 22, NULL),
(216, '2015-10-23 05:26:53', NULL, 'active', 'favorite', '55e95465e4b0dab9ae4da5d5', '551211bfe4b0f1bb4378c31f', 22, NULL),
(217, '2015-10-23 05:26:53', NULL, 'active', 'favorite', '55e95465e4b0dab9ae4da5d5', '54fff02ee4b072fbaceefc83', 22, NULL),
(218, '2015-10-23 10:55:06', NULL, 'active', 'favorite', '55cb1ca0e4b07e4ac935a16a', '54f02412e4b0dcdb5bfd4baf', 9, NULL),
(219, '2015-10-23 10:55:31', NULL, 'active', 'favorite', '55cb1ca0e4b07e4ac935a16a', '550a202ee4b0f1bb4378c14d', 9, NULL),
(220, '2015-10-23 10:55:32', NULL, 'active', 'favorite', '55cb1ca0e4b07e4ac935a16a', '55138016e4b0f1bb4378c6f5', 9, NULL),
(221, '2015-10-23 10:55:33', NULL, 'active', 'favorite', '55cb1ca0e4b07e4ac935a16a', '551381bde4b0f1bb4378c75f', 9, NULL),
(222, '2015-10-23 10:55:34', NULL, 'active', 'favorite', '55cb1ca0e4b07e4ac935a16a', '5524de23e4b0f1bb4378cca9', 9, NULL),
(223, '2015-10-23 10:55:36', NULL, 'active', 'favorite', '55cb1ca0e4b07e4ac935a16a', '54d436abe4b006e8e6ceb1a2', 9, NULL),
(224, '2015-10-23 10:55:37', NULL, 'active', 'favorite', '55cb1ca0e4b07e4ac935a16a', '55389a34e4b0f1bb4378cf88', 9, NULL),
(225, '2015-10-23 10:55:38', NULL, 'active', 'favorite', '55cb1ca0e4b07e4ac935a16a', '55239376e4b0f1bb4378cc35', 9, NULL),
(226, '2015-10-23 10:55:39', NULL, 'active', 'favorite', '55cb1ca0e4b07e4ac935a16a', '55122940e4b0f1bb4378c345', 9, NULL),
(228, '2015-10-23 10:55:47', NULL, 'active', 'favorite', '55cb1ca0e4b07e4ac935a16a', '550138eee4b072fbaceefccb', 9, NULL),
(229, '2015-10-23 10:55:48', NULL, 'active', 'favorite', '55cb1ca0e4b07e4ac935a16a', '55137db1e4b0f1bb4378c68d', 9, NULL),
(230, '2015-10-25 13:56:35', NULL, 'active', 'favorite', '55e95465e4b0dab9ae4da5d5', '55ded7a8e4b0032e0789b486', 22, NULL),
(232, '2015-10-27 06:34:30', NULL, 'active', 'favorite', '562f1b36e4b0541e61bec736', '54ed8e2ee4b0dcdb5bfd3c03', 69, NULL);

-- --------------------------------------------------------

--
-- Table structure for table `merchant_notifications`
--

CREATE TABLE IF NOT EXISTS `merchant_notifications` (
  `notif_id` int(11) NOT NULL AUTO_INCREMENT,
  `restaurant_id` varchar(100) NOT NULL,
  `email_notif` enum('0','1') NOT NULL,
  `sms_notif` enum('0','1') NOT NULL,
  `created_at` timestamp NOT NULL DEFAULT CURRENT_TIMESTAMP,
  `created_by` int(11) NOT NULL,
  `updated_at` timestamp NOT NULL DEFAULT CURRENT_TIMESTAMP,
  `updated_by` int(11) NOT NULL,
  PRIMARY KEY (`notif_id`)
) ENGINE=InnoDB DEFAULT CHARSET=latin1 AUTO_INCREMENT=1 ;

-- --------------------------------------------------------

--
-- Table structure for table `promotions`
--

CREATE TABLE IF NOT EXISTS `promotions` (
  `id` int(11) NOT NULL AUTO_INCREMENT,
  `created_at` timestamp NULL DEFAULT CURRENT_TIMESTAMP,
  `updated_at` timestamp NULL DEFAULT NULL ON UPDATE CURRENT_TIMESTAMP,
  `status` varchar(45) DEFAULT 'draft',
  `type` varchar(45) DEFAULT 'normal',
  `id_raw_promotion` text,
  `id_raw_restaurant` text,
  `title` text,
  `description` text,
  `start_date` varchar(45) DEFAULT NULL,
  `end_date` varchar(45) DEFAULT NULL,
  `start_time` varchar(45) DEFAULT NULL,
  `end_time` varchar(45) DEFAULT NULL,
  `party_size_min` int(11) DEFAULT '2',
  `party_size_max` int(11) DEFAULT '10',
  `cover_max` int(11) DEFAULT '50',
  `days_of_week` varchar(45) DEFAULT NULL,
  `deal_availability` varchar(45) DEFAULT 'all',
  `image` longtext,
  `duration` int(11) DEFAULT '7',
  PRIMARY KEY (`id`)
) ENGINE=InnoDB  DEFAULT CHARSET=latin1 AUTO_INCREMENT=6 ;

--
-- Dumping data for table `promotions`
--

INSERT INTO `promotions` (`id`, `created_at`, `updated_at`, `status`, `type`, `id_raw_promotion`, `id_raw_restaurant`, `title`, `description`, `start_date`, `end_date`, `start_time`, `end_time`, `party_size_min`, `party_size_max`, `cover_max`, `days_of_week`, `deal_availability`, `image`, `duration`) VALUES
(1, '2015-08-27 12:18:34', NULL, 'draft', 'normal', '55df001af5904f47198b4568', '54c9a287e4b006e8e6ce9a7a', 'sample', 'sample', '2015-08-27', '2015-08-28', '0000', '2400', 2, 50, 50, '1,2,3,4,5,6,7', 'all', NULL, 30),
(2, '2015-08-27 09:57:42', NULL, 'draft', 'normal', '55dedf1667ebfa5815000041', '54c9a287e4b006e8e6ce9a7a', 'bang', 'boooo', '2015-08-27', '2015-08-28', '0000', '2400', 2, 50, 50, '1,2,3,4,5,6,7', 'all', NULL, 30),
(3, '2015-08-27 09:58:37', NULL, 'draft', 'normal', '55dedf4d67ebfa5815000042', '54c9a287e4b006e8e6ce9a7a', 'bang', 'boooo', '2015-08-27', '2015-08-28', '0000', '2400', 2, 50, 50, '1,2,3,4,5,6,7', 'all', NULL, 30),
(4, '2015-08-27 10:17:26', NULL, 'draft', 'normal', '55dee3b667ebfa5815000043', '54c9cf28e4b006e8e6ce9bb0', 'bang', 'boooo', '2015-08-27', '2015-08-28', '0000', '2400', 2, 50, 50, '1,2,3,4,5,6,7', 'all', NULL, 30),
(5, '2015-08-27 10:17:34', NULL, 'draft', 'normal', '55dee3be67ebfa5815000044', '54c9cf28e4b006e8e6ce9bb0', 'llll', 'aaaaa', '2015-08-27', '2015-08-28', '0000', '2400', 2, 50, 50, '1,2,3,4,5,6,7', 'all', NULL, 30);

-- --------------------------------------------------------

--
-- Table structure for table `ratings`
--

CREATE TABLE IF NOT EXISTS `ratings` (
  `id` int(11) NOT NULL AUTO_INCREMENT,
  `created_at` timestamp NULL DEFAULT CURRENT_TIMESTAMP,
  `updated_at` timestamp NULL DEFAULT NULL ON UPDATE CURRENT_TIMESTAMP,
  `status` varchar(45) DEFAULT 'pending',
  `type` varchar(45) DEFAULT 'feedback',
  `id_raw_user` text,
  `id_raw_reservation` text,
  `id_raw_restaurant` text,
  `id_user` int(11) DEFAULT NULL,
  `taste` double DEFAULT '0',
  `ambience` double DEFAULT '0',
  `value` double DEFAULT '0',
  `cleanliness` double DEFAULT '0',
  `service` double DEFAULT '0',
  `general` double DEFAULT '0',
  `comments` longtext,
  `review` longtext,
  PRIMARY KEY (`id`)
) ENGINE=InnoDB  DEFAULT CHARSET=utf8 AUTO_INCREMENT=49 ;

--
-- Dumping data for table `ratings`
--

INSERT INTO `ratings` (`id`, `created_at`, `updated_at`, `status`, `type`, `id_raw_user`, `id_raw_reservation`, `id_raw_restaurant`, `id_user`, `taste`, `ambience`, `value`, `cleanliness`, `service`, `general`, `comments`, `review`) VALUES
(1, '2015-08-12 14:54:57', '2015-10-16 02:12:04', 'pending', 'feedback', '55c85402e4b0dab9ae4da428', '00000022222', '54c9a287e4b006e8e6ce9a7a ', 2, 2, NULL, 4, 5, 2, 3, 'comment', NULL),
(2, '2015-08-12 14:55:14', '2015-10-16 02:12:12', 'pending', 'feedback', '55c85402e4b0dab9ae4da428', '00000022222', '54c9a287e4b006e8e6ce9a7a', 2, 2, NULL, 4, 5, 2, 3, 'comment', NULL),
(3, '2015-09-09 10:47:26', NULL, 'pending', 'feedback', '55e04a30e4b0dab9ae4da525', '55e93853e4b0dab9ae4da5a7', '55239376e4b0f1bb4378cc35', 21, 5, 5, 5, 0, 5, 5, NULL, NULL),
(4, '2015-09-10 02:30:49', NULL, 'pending', 'feedback', '55e95465e4b0dab9ae4da5d5', '55ed6713e4b0dab9ae4da693', '55239376e4b0f1bb4378cc35', 22, 3, 3, 3, 3, 5, 3, NULL, NULL),
(5, '2015-09-10 02:31:11', NULL, 'pending', 'feedback', '55e95465e4b0dab9ae4da5d5', '55ed6713e4b0dab9ae4da693', '55239376e4b0f1bb4378cc35', 22, 3, 3, 3, 3, 5, 3, NULL, NULL),
(6, '2015-09-10 02:31:30', NULL, 'pending', 'feedback', '55e95465e4b0dab9ae4da5d5', '55ed6713e4b0dab9ae4da693', '55239376e4b0f1bb4378cc35', 22, 3, 3, 3, 3, 5, 3, NULL, NULL),
(7, '2015-09-10 02:32:28', NULL, 'pending', 'feedback', '55e95465e4b0dab9ae4da5d5', '55ed6713e4b0dab9ae4da693', '55239376e4b0f1bb4378cc35', 22, 3, 5, 5, 3, 5, 3, NULL, NULL),
(8, '2015-09-10 02:33:04', NULL, 'pending', 'feedback', '55e95465e4b0dab9ae4da5d5', '55ed6713e4b0dab9ae4da693', '55239376e4b0f1bb4378cc35', 22, 3, 3, 3, 3, 5, 3, NULL, NULL),
(9, '2015-09-10 02:47:03', NULL, 'pending', 'feedback', '55c85402e4b0dab9ae4da428', '55c99f84e4b0dab9ae4da439', '54c9a287e4b006e8e6ce9a7a', 2, 2, NULL, 4, 5, 2, 3, 'comment', NULL),
(10, '2015-09-10 05:35:09', NULL, 'pending', 'feedback', '55e95465e4b0dab9ae4da5d5', '55ee2fc2e4b0dab9ae4da71c', '5538aa9de4b0f1bb4378cff4', 22, 5, 5, 5, 5, 5, 0, NULL, NULL),
(11, '2015-09-10 05:42:19', NULL, 'pending', 'feedback', '55e04a30e4b0dab9ae4da525', '55e93a34e4b0dab9ae4da5bf', '55239376e4b0f1bb4378cc35', 21, 3, 3, 3, 3, 3, 3, NULL, NULL),
(12, '2015-09-10 05:44:14', NULL, 'pending', 'feedback', '55e04a30e4b0dab9ae4da525', '55e9455ae4b0dab9ae4da5c6', '55239376e4b0f1bb4378cc35', 21, 3, 5, 5, 5, 3, 3, NULL, NULL),
(13, '2015-09-13 01:16:36', NULL, 'pending', 'feedback', '55ebde61e4b0dab9ae4da643', '55f3e5cae4b0dab9ae4da8a9', '54d4381ae4b006e8e6ceb207', 23, 3, 3, 3, 3, 3, 3, NULL, NULL),
(14, '2015-09-13 06:20:28', NULL, 'pending', 'feedback', '55ebde61e4b0dab9ae4da643', '55f3f679e4b0dab9ae4da8c8', '5567c304e4b0032e0789944b', 23, 4, NULL, 4, 4, 4, NULL, 'Great art!', NULL),
(15, '2015-09-13 06:28:21', NULL, 'pending', 'feedback', '55ebde61e4b0dab9ae4da643', '55f3e5f6e4b0dab9ae4da8b0', '54fff02ee4b072fbaceefc83', 23, 5, NULL, 5, 5, 5, NULL, 'Too expensive!!!', NULL),
(16, '2015-09-13 06:33:10', NULL, 'pending', 'feedback', '55ebde61e4b0dab9ae4da643', '55f3af3be4b0dab9ae4da898', '54d436abe4b006e8e6ceb1a2', 23, 4, NULL, 2, 5, 4, 3, '', NULL),
(17, '2015-09-13 10:46:09', NULL, 'pending', 'feedback', '55e95465e4b0dab9ae4da5d5', '55ee3016e4b0dab9ae4da72b', '5538aa9de4b0f1bb4378cff4', 22, 3, 3, 3, 3, 5, 3, NULL, NULL),
(18, '2015-09-13 12:09:37', NULL, 'pending', 'feedback', '55e95465e4b0dab9ae4da5d5', '55f23acde4b0dab9ae4da82d', '54d4381ae4b006e8e6ceb207', 22, 3, NULL, 3, 3, 3, 3, '', NULL),
(19, '2015-09-13 12:19:45', NULL, 'pending', 'feedback', '55e95465e4b0dab9ae4da5d5', '55f0ebc8e4b0dab9ae4da78a', '54e1b781e4b0dcdb5bfcf95b', 22, 3, 3, 3, 3, 3, 5, NULL, NULL),
(20, '2015-09-13 15:00:54', NULL, 'pending', 'feedback', '55ebde61e4b0dab9ae4da643', '55f43116e4b0dab9ae4da8e0', '54fff02ee4b072fbaceefc83', 23, 3, NULL, 3, 4, 3, 3, '', NULL),
(21, '2015-09-13 15:09:44', NULL, 'pending', 'feedback', '55ebde61e4b0dab9ae4da643', '55f34a2fe4b0dab9ae4da88d', '55389a34e4b0f1bb4378cf88', 23, 5, NULL, 2, 1, 5, 3, '', NULL),
(22, '2015-09-13 15:10:58', NULL, 'pending', 'feedback', '55ebde61e4b0dab9ae4da643', '55f4c1b0e4b0dab9ae4da8ff', '55389a34e4b0f1bb4378cf88', 23, 3, NULL, 3, 3, 3, 3, '', NULL),
(23, '2015-09-13 23:00:08', NULL, 'pending', 'feedback', '55c85402e4b0dab9ae4da428', NULL, NULL, 2, NULL, NULL, NULL, NULL, NULL, NULL, NULL, NULL),
(24, '2015-09-13 23:04:00', NULL, 'pending', 'feedback', '55c85402e4b0dab9ae4da428', NULL, NULL, 2, NULL, NULL, NULL, NULL, 4.5, NULL, NULL, NULL),
(25, '2015-09-13 23:04:09', NULL, 'pending', 'feedback', '55c85402e4b0dab9ae4da428', '55c99f98e4b0dab9ae4da441', NULL, 2, NULL, NULL, NULL, NULL, 4.5, NULL, NULL, NULL),
(26, '2015-09-13 23:05:34', NULL, 'pending', 'feedback', '55c85402e4b0dab9ae4da428', '55c99f98e4b0dab9ae4da441', '550a202ee4b0f1bb4378c14d', 2, 3.5, NULL, 3.5, 2.5, 4.5, 4.5, 'something something', NULL),
(27, '2015-09-13 23:06:20', NULL, 'pending', 'feedback', '55c85402e4b0dab9ae4da428', '55c99f98e4b0dab9ae4da441', '550a202ee4b0f1bb4378c14d', 2, 3.5, NULL, 3.5, 2.5, 4.5, 4.5, 'something something', NULL),
(28, '2015-09-13 23:13:19', NULL, 'pending', 'feedback', '55c85402e4b0dab9ae4da428', '55c99f98e4b0dab9ae4da441', '550a202ee4b0f1bb4378c14d', 2, 3.5, 0, 3.5, 2.5, 4.5, 4.5, NULL, NULL),
(29, '2015-09-13 23:13:40', NULL, 'pending', 'feedback', '55c85402e4b0dab9ae4da428', '55c99f98e4b0dab9ae4da441', '550a202ee4b0f1bb4378c14d', 2, 3.5, 0, 3.5, 2.5, 4.5, 4.5, NULL, NULL),
(30, '2015-09-13 23:14:15', NULL, 'pending', 'feedback', '55c85402e4b0dab9ae4da428', '55c9af70e4b0dab9ae4da447', '550a202ee4b0f1bb4378c14d', 2, 2.5, 3.5, 3, 2.5, 2.5, 3.5, NULL, NULL),
(31, '2015-09-13 23:16:31', NULL, 'pending', 'feedback', '55c85402e4b0dab9ae4da428', '55c9af73e4b0dab9ae4da44d', '550a202ee4b0f1bb4378c14d', 2, 4.5, 2, 4, 1.5, 4, 3.5, '', NULL),
(32, '2015-09-13 23:23:45', NULL, 'pending', 'feedback', '55c85402e4b0dab9ae4da428', '55c9af87e4b0dab9ae4da453', '550a202ee4b0f1bb4378c14d', 2, 4, 1.5, 2.5, 5, 4.5, 3, NULL, NULL),
(33, '2015-09-14 04:50:20', NULL, 'pending', 'feedback', '55ebde61e4b0dab9ae4da643', '55f1c121e4b0dab9ae4da804', '54d436abe4b006e8e6ceb1a2', 23, 2, NULL, 3, 5, 3, 3, '', NULL),
(34, '2015-09-14 10:01:35', NULL, 'pending', 'feedback', '55ebde61e4b0dab9ae4da643', '55f1c102e4b0dab9ae4da7fd', '54d436abe4b006e8e6ceb1a2', 23, 4.5, 4.5, 4.5, 4.5, 4.5, 4.5, NULL, NULL),
(35, '2015-09-14 11:06:48', NULL, 'pending', 'feedback', '55c85402e4b0dab9ae4da428', '55c9c514e4b0dab9ae4da4a2', '550a202ee4b0f1bb4378c14d', 2, 3.5, 4.5, 3.5, 2.5, 2, 1.5, NULL, NULL),
(36, '2015-09-16 09:03:17', NULL, 'pending', 'feedback', '55e95465e4b0dab9ae4da5d5', '55ee2ff0e4b0dab9ae4da724', '5538aa9de4b0f1bb4378cff4', 22, 4.5, 4.5, 4.5, 5, 4.5, 4, NULL, NULL),
(37, '2015-09-20 23:28:25', NULL, 'pending', 'feedback', '55ebde61e4b0dab9ae4da643', '55f5a697e4b0dab9ae4da937', '54e1b781e4b0dcdb5bfcf95b', 23, 3, 3, 3, 3, 3, 3, NULL, NULL),
(38, '2015-09-21 06:51:27', NULL, 'pending', 'feedback', '55e95465e4b0dab9ae4da5d5', '55fb7d6be4b0dab9ae4daaa2', '55137db1e4b0f1bb4378c68d', 22, 3, NULL, 3, 3, 3, 3, 'Test', NULL),
(39, '2015-09-21 07:25:09', NULL, 'pending', 'feedback', '55e95465e4b0dab9ae4da5d5', '55f0eba1e4b0dab9ae4da784', '54e1b781e4b0dcdb5bfcf95b', 22, 0, 0, 0, 5, 0, 0, NULL, NULL),
(40, '2015-09-21 07:25:48', NULL, 'pending', 'feedback', '55e95465e4b0dab9ae4da5d5', '55f245cee4b0dab9ae4da843', '5538aa9de4b0f1bb4378cff4', 22, 0, 0, 0, 4.5, 0, 5, NULL, NULL),
(41, '2015-09-22 03:50:46', NULL, 'pending', 'feedback', '55e95465e4b0dab9ae4da5d5', '55f7f5cfe4b0dab9ae4da9b7', '54d436abe4b006e8e6ceb1a2', 22, 0, 2.5, 0, 0, 0, 0, NULL, NULL),
(42, '2015-09-22 03:51:03', NULL, 'pending', 'feedback', '55e95465e4b0dab9ae4da5d5', '55f7f745e4b0dab9ae4da9bc', '5513a387e4b0f1bb4378c980', 22, 5, 0, 4.5, 0, 0, 0, NULL, NULL),
(43, '2015-09-22 03:54:31', NULL, 'pending', 'feedback', '55e95465e4b0dab9ae4da5d5', '55f7f7d4e4b0dab9ae4da9c3', '5513a387e4b0f1bb4378c980', 22, 2, 0, 0, 0, 0, 0, NULL, NULL),
(44, '2015-09-22 08:05:43', NULL, 'pending', 'feedback', '55e95465e4b0dab9ae4da5d5', '55f9218fe4b0dab9ae4da9f6', '55137db1e4b0f1bb4378c68d', 22, 0, 5, 0, 0, 0, 0, NULL, NULL),
(45, '2015-09-23 03:24:33', NULL, 'pending', 'feedback', '55c85402e4b0dab9ae4da428', '55c9c572e4b0dab9ae4da4a9', '54fff02ee4b072fbaceefc83', 2, 4.5, 5, 4.5, 5, 5, 5, NULL, NULL),
(46, '2015-09-29 08:46:59', NULL, 'pending', 'feedback', '560a489be4b0dab9ae4dabdd', '560a50cbe4b0dab9ae4dabee', '556bb3b3e4b0032e07899488', 57, 3, 3, 3, 3, 3, 3, NULL, NULL),
(47, '2015-09-29 08:57:56', NULL, 'pending', 'feedback', '55ebde61e4b0dab9ae4da643', '55f430d6e4b0dab9ae4da8d8', '550a202ee4b0f1bb4378c14d', 23, 5, NULL, 4, 3, 0, 3, '', NULL),
(48, '2015-10-22 13:03:54', NULL, 'pending', 'feedback', '55cb1ca0e4b07e4ac935a16a', '5628def1e4b0541e61bec644', '55ded7a8e4b0032e0789b486', 9, 1, 1, 5, 5, 5, 1, 'Test', NULL);

-- --------------------------------------------------------

--
-- Table structure for table `restaurants`
--

CREATE TABLE IF NOT EXISTS `restaurants` (
  `id` int(11) NOT NULL,
  `created_at` timestamp NULL DEFAULT CURRENT_TIMESTAMP,
  `updated_at` timestamp NULL DEFAULT NULL ON UPDATE CURRENT_TIMESTAMP,
  `status` varchar(45) DEFAULT NULL,
  `type` varchar(45) DEFAULT NULL,
  `id_raw_restaurant` varchar(45) DEFAULT NULL,
  `tags` longtext,
  `occasions` longtext,
  `cuisines` longtext,
  PRIMARY KEY (`id`)
) ENGINE=InnoDB DEFAULT CHARSET=utf8;

--
-- Dumping data for table `restaurants`
--

INSERT INTO `restaurants` (`id`, `created_at`, `updated_at`, `status`, `type`, `id_raw_restaurant`, `tags`, `occasions`, `cuisines`) VALUES
(1, '2015-08-26 06:47:21', '2015-09-15 09:07:23', 'pending', NULL, '54c9a287e4b006e8e6ce9a7a', '1', '1', '1'),
(2, '2015-08-26 06:47:21', '2015-09-15 09:07:23', 'pending', NULL, '54c9cf28e4b006e8e6ce9bb0', '1', '1', '1'),
(3, '2015-08-26 06:47:21', '2015-09-15 09:07:23', 'pending', NULL, '54c9e901e4b006e8e6ce9e76', '1', '1', '1'),
(4, '2015-08-26 06:47:21', '2015-09-15 09:07:23', 'pending', NULL, '54c9f31de4b006e8e6cea203', '1', '1', '1'),
(5, '2015-08-26 06:47:21', '2015-09-15 09:07:23', 'pending', NULL, '54c9fd46e4b006e8e6cea399', '1', '1', '1'),
(6, '2015-08-26 06:47:21', '2015-09-15 09:07:23', 'pending', NULL, '54ca0029e4b006e8e6cea4cb', '1', '1', '1'),
(7, '2015-08-26 06:47:21', '2015-09-15 09:07:23', 'pending', NULL, '54cafe29e4b006e8e6cea597', '1', '1', '1'),
(8, '2015-08-26 06:47:21', '2015-09-15 09:07:23', 'pending', NULL, '54cb0235e4b006e8e6cea72a', '1', '1', '1'),
(9, '2015-08-26 06:47:21', '2015-09-15 09:07:23', 'pending', NULL, '54cb0455e4b006e8e6cea7f4', '1', '1', '1'),
(10, '2015-08-26 06:47:21', '2015-09-15 09:07:23', 'pending', NULL, '54d1ccf3e4b006e8e6cea9d0', '1', '1', '1'),
(11, '2015-08-26 06:47:21', '2015-09-15 09:07:23', 'pending', NULL, '54d1d468e4b006e8e6ceabcb', '1', '1', '1'),
(12, '2015-08-26 06:47:21', '2015-09-15 09:07:23', 'pending', NULL, '54d1d56fe4b006e8e6ceac30', '1', '1', '1'),
(13, '2015-08-26 06:47:21', '2015-09-15 09:07:23', 'pending', NULL, '54d1e0e3e4b006e8e6ceadc7', '1', '1', '1'),
(14, '2015-08-26 06:47:21', '2015-09-15 09:07:23', 'pending', NULL, '54d1e332e4b006e8e6ceae2d', '1', '1', '1'),
(15, '2015-08-26 06:47:21', '2015-09-15 09:07:23', 'pending', NULL, '54d1e557e4b006e8e6ceae96', '1', '1', '1'),
(16, '2015-08-26 06:47:21', '2015-09-15 09:07:23', 'pending', NULL, '54d42bcae4b006e8e6ceafa1', '1', '1', '1'),
(17, '2015-08-26 06:47:21', '2015-09-15 09:07:23', 'pending', NULL, '54d430a6e4b006e8e6ceb072', '1', '1', '1'),
(18, '2015-08-26 06:47:21', '2015-09-15 09:07:23', 'pending', NULL, '54d43309e4b006e8e6ceb0d7', '1', '1', '1'),
(19, '2015-08-26 06:47:21', '2015-09-15 09:07:23', 'pending', NULL, '54d4351fe4b006e8e6ceb13d', '1', '1', '1'),
(20, '2015-08-26 06:47:21', '2015-09-15 09:07:23', 'pending', NULL, '54d436abe4b006e8e6ceb1a2', '1', '1', '1'),
(21, '2015-08-26 06:47:21', '2015-09-15 09:07:23', 'pending', NULL, '54d4381ae4b006e8e6ceb207', '1', '1', '1'),
(22, '2015-08-26 06:47:21', '2015-09-15 09:07:23', 'pending', NULL, '54d84ff8e4b006e8e6ceb59f', '1', '1', '1'),
(23, '2015-08-26 06:47:21', '2015-09-15 09:07:23', 'pending', NULL, '54d85376e4b006e8e6ceb604', '1', '1', '1'),
(24, '2015-08-26 06:47:21', '2015-09-15 09:07:23', 'pending', NULL, '54d85567e4b006e8e6ceb669', '1', '1', '1'),
(25, '2015-08-26 06:47:21', '2015-09-15 09:07:23', 'pending', NULL, '54d868f6e4b006e8e6ceba60', '1', '1', '1'),
(26, '2015-08-26 06:47:21', '2015-09-15 09:07:23', 'pending', NULL, '54d869dee4b006e8e6cebac6', '1', '1', '1'),
(27, '2015-08-26 06:47:21', '2015-09-15 09:07:23', 'pending', NULL, '54d871e5e4b006e8e6cebd2b', '1', '1', '1'),
(28, '2015-08-26 06:47:21', '2015-09-15 09:07:23', 'pending', NULL, '54d87660e4b006e8e6cebd91', '1', '1', '1'),
(29, '2015-08-26 06:47:21', '2015-09-15 09:07:23', 'pending', NULL, '54d97f25e4b006e8e6cebdfc', '1', '1', '1'),
(30, '2015-08-26 06:47:21', '2015-09-15 09:07:23', 'pending', NULL, '54d98754e4b006e8e6cebec9', '1', '1', '1'),
(31, '2015-08-26 06:47:21', '2015-09-15 09:07:23', 'pending', NULL, '54d9af77e4b006e8e6cebffd', '2', '2', '1'),
(32, '2015-08-26 06:47:21', '2015-09-15 09:07:23', 'pending', NULL, '54d9b198e4b006e8e6cec063', '2', '2', '1'),
(33, '2015-08-26 06:47:21', '2015-09-15 09:07:23', 'pending', NULL, '54d9b30de4b006e8e6cec0c9', '2', '2', '1'),
(34, '2015-08-26 06:47:21', '2015-09-15 09:07:23', 'pending', NULL, '54d9b527e4b006e8e6cec12f', '2', '2', '1'),
(35, '2015-08-26 06:47:21', '2015-09-15 09:07:23', 'pending', NULL, '54d9b766e4b006e8e6cec195', '2', '2', '1'),
(36, '2015-08-26 06:47:21', '2015-09-15 09:07:23', 'pending', NULL, '54d9b968e4b006e8e6cec261', '2', '2', '1'),
(37, '2015-08-26 06:47:21', '2015-09-15 09:07:23', 'pending', NULL, '54d9ba7fe4b006e8e6cec2c7', '2', '2', '1'),
(38, '2015-08-26 06:47:21', '2015-09-15 09:07:23', 'pending', NULL, '54d9becfe4b006e8e6cec32e', '2', '2', '1'),
(39, '2015-08-26 06:47:21', '2015-09-15 09:07:23', 'pending', NULL, '54d9c2cfe4b006e8e6cec394', '2', '2', '1'),
(40, '2015-08-26 06:47:21', '2015-09-15 09:07:23', 'pending', NULL, '54dc25dce4b00654eada0b4c', '2', '2', '1'),
(41, '2015-08-26 06:47:21', '2015-09-15 09:07:23', 'pending', NULL, '54dc28cbe4b00654eada0b5c', '2', '2', '1'),
(42, '2015-08-26 06:47:21', '2015-09-15 09:07:23', 'pending', NULL, '54dc4835e4b00654eada0b6f', '2', '2', '1'),
(43, '2015-08-26 06:47:21', '2015-09-15 09:07:23', 'pending', NULL, '54dc4936e4b00654eada0b77', '2', '2', '1'),
(44, '2015-08-26 06:47:21', '2015-09-15 09:07:23', 'pending', NULL, '54dc4b15e4b00654eada0b87', '2', '2', '1'),
(45, '2015-08-26 06:47:21', '2015-09-15 09:07:23', 'pending', NULL, '54dc4c13e4b00654eada0b8f', '2', '2', '1'),
(46, '2015-08-26 06:47:21', '2015-09-15 09:07:23', 'pending', NULL, '54dc4ffee4b00654eada0bad', '2', '2', '1'),
(47, '2015-08-26 06:47:21', '2015-09-15 09:07:23', 'pending', NULL, '54dc5338e4b00654eada0bbd', '2', '2', '1'),
(48, '2015-08-26 06:47:21', '2015-09-15 09:07:23', 'pending', NULL, '54dc5569e4b00654eada0bc5', '2', '2', '1'),
(49, '2015-08-26 06:47:21', '2015-09-15 09:07:23', 'pending', NULL, '54dc5758e4b00654eada0bcd', '2', '2', '1'),
(50, '2015-08-26 06:47:21', '2015-09-15 09:07:23', 'pending', NULL, '54dc59c2e4b00654eada0bdd', '2', '2', '1'),
(51, '2015-08-26 06:47:21', '2015-09-15 09:07:23', 'pending', NULL, '54dc5fa4e4b00654eada0bee', '2', '2', '1'),
(52, '2015-08-26 06:47:21', '2015-09-15 09:07:23', 'pending', NULL, '54dc63b1e4b00654eada0bf8', '2', '2', '1'),
(53, '2015-08-26 06:47:21', '2015-09-15 09:07:23', 'pending', NULL, '54dc650ae4b00654eada0c00', '2', '2', '1'),
(54, '2015-08-26 06:47:21', '2015-09-15 09:07:23', 'pending', NULL, '54dc67afe4b00654eada0c11', '2', '2', '1'),
(55, '2015-08-26 06:47:21', '2015-09-15 09:07:23', 'pending', NULL, '54dc74a4e4b00654eada0c3c', '2', '2', '1'),
(56, '2015-08-26 06:47:21', '2015-09-15 09:07:23', 'pending', NULL, '54dc75d3e4b00654eada0c43', '2', '2', '1'),
(57, '2015-08-26 06:47:21', '2015-09-15 09:07:23', 'pending', NULL, '54dc778fe4b00654eada0c53', '2', '2', '1'),
(58, '2015-08-26 06:47:21', '2015-09-15 09:07:23', 'pending', NULL, '54dc7996e4b00654eada0c65', '2', '2', '1'),
(59, '2015-08-26 06:47:21', '2015-09-15 09:07:23', 'pending', NULL, '54dc7a5fe4b00654eada0c6d', '2', '2', '1'),
(60, '2015-08-26 06:47:21', '2015-09-15 09:07:23', 'pending', NULL, '54dc7b70e4b00654eada0c75', '2', '2', '1'),
(61, '2015-08-26 06:47:21', '2015-09-15 09:07:23', 'pending', NULL, '54ddc5e8e4b00654eada0d6d', '3', '3', '2'),
(62, '2015-08-26 06:47:21', '2015-09-15 09:07:23', 'pending', NULL, '54ddc8a5e4b00654eada0d7a', '3', '3', '2'),
(63, '2015-08-26 06:47:21', '2015-09-15 09:07:23', 'pending', NULL, '54e165cfe4b00654eada0db5', '3', '3', '2'),
(64, '2015-08-26 06:47:21', '2015-09-15 09:07:23', 'pending', NULL, '54e166ade4b00654eada0dbd', '3', '3', '2'),
(65, '2015-08-26 06:47:21', '2015-09-15 09:07:23', 'pending', NULL, '54e168f5e4b00654eada0dd0', '3', '3', '2'),
(66, '2015-08-26 06:47:21', '2015-09-15 09:07:23', 'pending', NULL, '54e17091e4b0dcdb5bfcf836', '3', '3', '2'),
(67, '2015-08-26 06:47:21', '2015-09-15 09:07:23', 'pending', NULL, '54e1718fe4b0dcdb5bfcf83e', '3', '3', '2'),
(68, '2015-08-26 06:47:21', '2015-09-15 09:07:23', 'pending', NULL, '54e172dfe4b0dcdb5bfcf846', '3', '3', '2'),
(69, '2015-08-26 06:47:21', '2015-09-15 09:07:23', 'pending', NULL, '54e1743ee4b0dcdb5bfcf84e', '3', '3', '2'),
(70, '2015-08-26 06:47:21', '2015-09-15 09:07:23', 'pending', NULL, '54e175b5e4b0dcdb5bfcf856', '3', '3', '2'),
(71, '2015-08-26 06:47:21', '2015-09-15 09:07:23', 'pending', NULL, '54e19f01e4b0dcdb5bfcf8dd', '3', '3', '2'),
(72, '2015-08-26 06:47:21', '2015-09-15 09:07:23', 'pending', NULL, '54e1a236e4b0dcdb5bfcf8e5', '3', '3', '2'),
(73, '2015-08-26 06:47:21', '2015-09-15 09:07:23', 'pending', NULL, '54e1a4a5e4b0dcdb5bfcf8ee', '3', '3', '2'),
(74, '2015-08-26 06:47:21', '2015-09-15 09:07:23', 'pending', NULL, '54e1a7b8e4b0dcdb5bfcf8f4', '3', '3', '2'),
(75, '2015-08-26 06:47:21', '2015-09-15 09:07:23', 'pending', NULL, '54e1a8e0e4b0dcdb5bfcf8fe', '3', '3', '2'),
(76, '2015-08-26 06:47:21', '2015-09-15 09:07:23', 'pending', NULL, '54e1aa42e4b0dcdb5bfcf906', '3', '3', '2'),
(77, '2015-08-26 06:47:21', '2015-09-15 09:07:23', 'pending', NULL, '54e1ab7ce4b0dcdb5bfcf90d', '3', '3', '2'),
(78, '2015-08-26 06:47:21', '2015-09-15 09:07:23', 'pending', NULL, '54e1ad0de4b0dcdb5bfcf915', '3', '3', '2'),
(79, '2015-08-26 06:47:21', '2015-09-15 09:07:23', 'pending', NULL, '54e1afd1e4b0dcdb5bfcf923', '3', '3', '2'),
(80, '2015-08-26 06:47:21', '2015-09-15 09:07:23', 'pending', NULL, '54e1b201e4b0dcdb5bfcf933', '3', '3', '2'),
(81, '2015-08-26 06:47:21', '2015-09-15 09:07:23', 'pending', NULL, '54e1b2d8e4b0dcdb5bfcf93b', '3', '3', '2'),
(82, '2015-08-26 06:47:21', '2015-09-15 09:07:23', 'pending', NULL, '54e1b3e3e4b0dcdb5bfcf943', '3', '3', '2'),
(83, '2015-08-26 06:47:21', '2015-09-15 09:07:23', 'pending', NULL, '54e1b551e4b0dcdb5bfcf94b', '3', '3', '2'),
(84, '2015-08-26 06:47:21', '2015-09-15 09:07:23', 'pending', NULL, '54e1b653e4b0dcdb5bfcf953', '3', '3', '2'),
(85, '2015-08-26 06:47:21', '2015-09-15 09:07:23', 'pending', NULL, '54e1b781e4b0dcdb5bfcf95b', '3', '3', '2'),
(86, '2015-08-26 06:47:21', '2015-09-15 09:07:23', 'pending', NULL, '54e1b8f8e4b0dcdb5bfcf967', '3', '3', '2'),
(87, '2015-08-26 06:47:21', '2015-09-15 09:07:23', 'pending', NULL, '54e1ba65e4b0dcdb5bfcf96f', '3', '3', '2'),
(88, '2015-08-26 06:47:21', '2015-09-15 09:07:23', 'pending', NULL, '54e1bbd1e4b0dcdb5bfcf977', '3', '3', '2'),
(89, '2015-08-26 06:47:21', '2015-09-15 09:07:23', 'pending', NULL, '54e2dfdfe4b0dcdb5bfcf98e', '3', '3', '2'),
(90, '2015-08-26 06:47:21', '2015-09-15 09:07:23', 'pending', NULL, '54e2e425e4b0dcdb5bfcf995', '3', '3', '2'),
(91, '2015-08-26 06:47:21', '2015-09-15 09:07:23', 'pending', NULL, '54e2e4f0e4b0dcdb5bfcf99d', '4', '4', '2'),
(92, '2015-08-26 06:47:21', '2015-09-15 09:07:23', 'pending', NULL, '54e2e5bbe4b0dcdb5bfcf9a5', '4', '4', '2'),
(93, '2015-08-26 06:47:21', '2015-09-15 09:07:23', 'pending', NULL, '54e2e7f8e4b0dcdb5bfcf9b5', '4', '4', '2'),
(94, '2015-08-26 06:47:21', '2015-09-15 09:07:23', 'pending', NULL, '54e2e9bee4b0dcdb5bfcf9c4', '4', '4', '2'),
(95, '2015-08-26 06:47:21', '2015-09-15 09:07:23', 'pending', NULL, '54e2eb20e4b0dcdb5bfcf9ce', '4', '4', '2'),
(96, '2015-08-26 06:47:21', '2015-09-15 09:07:23', 'pending', NULL, '54e2ef99e4b0dcdb5bfcf9de', '4', '4', '2'),
(97, '2015-08-26 06:47:21', '2015-09-15 09:07:23', 'pending', NULL, '54e2f253e4b0dcdb5bfcf9e7', '4', '4', '2'),
(98, '2015-08-26 06:47:21', '2015-09-15 09:07:23', 'pending', NULL, '54e2f42de4b0dcdb5bfcf9f1', '4', '4', '2'),
(99, '2015-08-26 06:47:21', '2015-09-15 09:07:23', 'pending', NULL, '54e2f701e4b0dcdb5bfcf9f9', '4', '4', '2'),
(100, '2015-08-26 06:47:21', '2015-09-15 09:07:23', 'pending', NULL, '54e2f897e4b0dcdb5bfcfa02', '4', '4', '2'),
(101, '2015-08-26 06:47:21', '2015-09-15 09:14:34', 'live', NULL, '54e2f964e4b0dcdb5bfcfa0c', '4', '4', '2'),
(102, '2015-08-26 06:47:21', '2015-09-15 09:14:34', 'live', NULL, '54e2fc38e4b0dcdb5bfcfa98', '4', '4', '2'),
(103, '2015-08-26 06:47:21', '2015-09-15 09:14:34', 'live', NULL, '54e2fdcbe4b0dcdb5bfcfaa4', '4', '4', '2'),
(104, '2015-08-26 06:47:21', '2015-09-15 09:14:34', 'live', NULL, '54e300b6e4b0dcdb5bfcfb26', '4', '4', '2'),
(105, '2015-08-26 06:47:21', '2015-09-15 09:14:34', 'live', NULL, '54e30944e4b0dcdb5bfcfb2e', '4', '4', '2'),
(106, '2015-08-26 06:47:21', '2015-09-15 09:14:34', 'live', NULL, '54e30af0e4b0dcdb5bfcfb38', '4', '4', '2'),
(107, '2015-08-26 06:47:21', '2015-09-15 09:14:34', 'live', NULL, '54e30bbde4b0dcdb5bfcfb40', '4', '4', '2'),
(108, '2015-08-26 06:47:21', '2015-09-15 09:14:34', 'live', NULL, '54e30d38e4b0dcdb5bfcfb48', '4', '4', '2'),
(109, '2015-08-26 06:47:21', '2015-09-15 09:14:34', 'live', NULL, '54e30f94e4b0dcdb5bfcfb50', '4', '4', '2'),
(110, '2015-08-26 06:47:21', '2015-09-15 09:14:34', 'live', NULL, '54e310bbe4b0dcdb5bfcfb58', '4', '4', '2'),
(111, '2015-08-26 06:47:21', '2015-09-15 09:14:34', 'live', NULL, '54e313e4e4b0dcdb5bfcfb68', '4', '4', '2'),
(112, '2015-08-26 06:47:21', '2015-09-15 09:14:34', 'live', NULL, '54e4451fe4b0dcdb5bfd055b', '4', '4', '2'),
(113, '2015-08-26 06:47:21', '2015-09-15 09:14:34', 'live', NULL, '54e445e0e4b0dcdb5bfd0565', '4', '4', '2'),
(114, '2015-08-26 06:47:21', '2015-09-15 09:14:34', 'live', NULL, '54e446d7e4b0dcdb5bfd05d8', '4', '4', '2'),
(115, '2015-08-26 06:47:21', '2015-09-15 09:14:34', 'live', NULL, '54e4479fe4b0dcdb5bfd05e2', '4', '4', '2'),
(116, '2015-08-26 06:47:21', '2015-09-15 09:14:34', 'live', NULL, '54e44860e4b0dcdb5bfd05ea', '4', '4', '2'),
(117, '2015-08-26 06:47:21', '2015-09-15 09:14:34', 'live', NULL, '54e4491de4b0dcdb5bfd065f', '4', '4', '2'),
(118, '2015-08-26 06:47:21', '2015-09-15 09:14:34', 'live', NULL, '54e44a0fe4b0dcdb5bfd0679', '4', '4', '2'),
(119, '2015-08-26 06:47:21', '2015-09-15 09:14:34', 'live', NULL, '54e6e5dce4b0dcdb5bfd1637', '4', '4', '2'),
(120, '2015-08-26 06:47:21', '2015-09-15 09:14:34', 'live', NULL, '54ea9834e4b0dcdb5bfd1fe9', '4', '4', '2'),
(121, '2015-08-26 06:47:21', '2015-09-15 09:14:34', 'live', NULL, '54ec1912e4b0dcdb5bfd32de', '5', '5', '3'),
(122, '2015-08-26 06:47:21', '2015-09-15 09:14:34', 'live', NULL, '54ec2942e4b0dcdb5bfd345d', '5', '5', '3'),
(123, '2015-08-26 06:47:21', '2015-09-15 09:14:34', 'live', NULL, '54ec2b68e4b0dcdb5bfd3471', '5', '5', '3'),
(124, '2015-08-26 06:47:21', '2015-09-15 09:14:34', 'live', NULL, '54ec2fa2e4b0dcdb5bfd3550', '5', '5', '3'),
(125, '2015-08-26 06:47:21', '2015-09-15 09:14:34', 'live', NULL, '54ec38e7e4b0dcdb5bfd37a9', '5', '5', '3'),
(126, '2015-08-26 06:47:21', '2015-09-15 09:14:34', 'live', NULL, '54ed40bce4b0dcdb5bfd392b', '5', '5', '3'),
(127, '2015-08-26 06:47:21', '2015-09-15 09:14:34', 'live', NULL, '54ed4980e4b0dcdb5bfd3ae5', '5', '5', '3'),
(128, '2015-08-26 06:47:21', '2015-09-15 09:14:34', 'live', NULL, '54ed8e2ee4b0dcdb5bfd3c03', '5', '5', '3'),
(129, '2015-08-26 06:47:21', '2015-09-15 09:14:34', 'live', NULL, '54ed9ba8e4b0dcdb5bfd3dc1', '5', '5', '3'),
(130, '2015-08-26 06:47:21', '2015-09-15 09:14:34', 'live', NULL, '54ee7bc9e4b0dcdb5bfd3eb8', '5', '5', '3'),
(131, '2015-08-26 06:47:21', '2015-09-15 09:14:34', 'live', NULL, '54ee8070e4b0dcdb5bfd3f5b', '5', '5', '3'),
(132, '2015-08-26 06:47:21', '2015-09-15 09:14:34', 'live', NULL, '54ee88eae4b0dcdb5bfd40a5', '5', '5', '3'),
(133, '2015-08-26 06:47:21', '2015-09-15 09:14:34', 'live', NULL, '54ee8b7ae4b0dcdb5bfd417e', '5', '5', '3'),
(134, '2015-08-26 06:47:21', '2015-09-15 09:14:34', 'live', NULL, '54ee8d6ee4b0dcdb5bfd41f2', '5', '5', '3'),
(135, '2015-08-26 06:47:21', '2015-09-15 09:14:34', 'live', NULL, '54ee8f1ee4b0dcdb5bfd4265', '5', '5', '3'),
(136, '2015-08-26 06:47:21', '2015-09-15 09:14:34', 'live', NULL, '54ee90bee4b0dcdb5bfd42d8', '5', '5', '3'),
(137, '2015-08-26 06:47:21', '2015-09-15 09:14:34', 'live', NULL, '54ee94e4e4b0dcdb5bfd434c', '5', '5', '3'),
(138, '2015-08-26 06:47:21', '2015-09-15 09:14:34', 'live', NULL, '54ee966be4b0dcdb5bfd43bb', '5', '5', '3'),
(139, '2015-08-26 06:47:21', '2015-09-15 09:14:34', 'live', NULL, '54eeb401e4b0dcdb5bfd4437', '5', '5', '3'),
(140, '2015-08-26 06:47:21', '2015-09-15 09:14:34', 'live', NULL, '54eeb59be4b0dcdb5bfd4449', '5', '5', '3'),
(141, '2015-08-26 06:47:21', '2015-09-15 09:14:34', 'live', NULL, '54eedb10e4b0dcdb5bfd45d2', '5', '5', '3'),
(142, '2015-08-26 06:47:21', '2015-09-15 09:14:34', 'live', NULL, '54efd6a4e4b0dcdb5bfd45e3', '5', '5', '3'),
(143, '2015-08-26 06:47:21', '2015-09-15 09:14:34', 'live', NULL, '54efd7a4e4b0dcdb5bfd45f1', '5', '5', '3'),
(144, '2015-08-26 06:47:21', '2015-09-15 09:14:34', 'live', NULL, '54efd960e4b0dcdb5bfd46cf', '5', '5', '3'),
(145, '2015-08-26 06:47:21', '2015-09-15 09:14:34', 'live', NULL, '54efdb62e4b0dcdb5bfd4744', '5', '5', '3'),
(146, '2015-08-26 06:47:21', '2015-09-15 09:14:34', 'live', NULL, '54efdf43e4b0dcdb5bfd4829', '5', '5', '3'),
(147, '2015-08-26 06:47:21', '2015-09-15 09:14:34', 'live', NULL, '54efdfe4e4b0dcdb5bfd482f', '5', '5', '3'),
(148, '2015-08-26 06:47:21', '2015-09-15 09:14:34', 'live', NULL, '54efe43ce4b0dcdb5bfd496d', '5', '5', '3'),
(149, '2015-08-26 06:47:21', '2015-09-15 09:14:34', 'live', NULL, '54f01727e4b0dcdb5bfd4b0e', '5', '5', '3'),
(150, '2015-08-26 06:47:21', '2015-09-15 09:14:34', 'live', NULL, '54f02412e4b0dcdb5bfd4baf', '5', '5', '3'),
(151, '2015-08-26 06:47:21', '2015-09-15 09:14:34', 'live', NULL, '54f3d520e4b0dcdb5bfd4dec', '6', '6', '3'),
(152, '2015-08-26 06:47:21', '2015-09-15 09:14:34', 'live', NULL, '54fff02ee4b072fbaceefc83', '6', '6', '3'),
(153, '2015-08-26 06:47:21', '2015-09-15 09:14:34', 'live', NULL, '550138eee4b072fbaceefccb', '6', '6', '3'),
(154, '2015-08-26 06:47:21', '2015-09-15 09:14:34', 'live', NULL, '5508e996e4b0f1bb4378c069', '6', '6', '3'),
(155, '2015-08-26 06:47:21', '2015-09-15 09:14:34', 'live', NULL, '550a202ee4b0f1bb4378c14d', '6', '6', '3'),
(156, '2015-08-26 06:47:21', '2015-09-15 09:14:34', 'live', NULL, '551211bfe4b0f1bb4378c31f', '6', '6', '3'),
(157, '2015-08-26 06:47:21', '2015-09-15 09:14:34', 'live', NULL, '55122940e4b0f1bb4378c345', '6', '6', '3'),
(158, '2015-08-26 06:47:21', '2015-09-15 09:14:34', 'live', NULL, '551241c2e4b0f1bb4378c3cb', '6', '6', '3'),
(159, '2015-08-26 06:47:21', '2015-09-15 09:14:34', 'live', NULL, '551250d8e4b0f1bb4378c3dc', '6', '6', '3'),
(160, '2015-08-26 06:47:21', '2015-09-15 09:14:34', 'live', NULL, '55125394e4b0f1bb4378c3ed', '6', '6', '3'),
(161, '2015-08-26 06:47:21', '2015-09-15 09:14:34', 'live', NULL, '551257a6e4b0f1bb4378c3f6', '6', '6', '3'),
(162, '2015-08-26 06:47:21', '2015-09-15 09:14:34', 'live', NULL, '55125c2ce4b0f1bb4378c405', '6', '6', '3'),
(163, '2015-08-26 06:47:21', '2015-09-15 09:14:34', 'live', NULL, '55137db1e4b0f1bb4378c68d', '6', '6', '3'),
(164, '2015-08-26 06:47:21', '2015-09-15 09:14:34', 'live', NULL, '55138016e4b0f1bb4378c6f5', '6', '6', '3'),
(165, '2015-08-26 06:47:21', '2015-09-15 09:14:34', 'live', NULL, '551381bde4b0f1bb4378c75f', '6', '6', '3'),
(166, '2015-08-26 06:47:21', '2015-09-15 09:14:34', 'live', NULL, '551396b3e4b0f1bb4378c7c9', '6', '6', '3'),
(167, '2015-08-26 06:47:21', '2015-09-15 09:14:34', 'live', NULL, '55139871e4b0f1bb4378c837', '6', '6', '3'),
(168, '2015-08-26 06:47:21', '2015-09-15 09:14:34', 'live', NULL, '55139a2de4b0f1bb4378c89f', '6', '6', '3'),
(169, '2015-08-26 06:47:21', '2015-09-15 09:14:34', 'live', NULL, '55139e5ee4b0f1bb4378c8a9', '6', '6', '3'),
(170, '2015-08-26 06:47:21', '2015-09-15 09:14:34', 'live', NULL, '5513a387e4b0f1bb4378c980', '6', '6', '3'),
(171, '2015-08-26 06:47:21', '2015-09-15 09:14:34', 'live', NULL, '55233249e4b0f1bb4378cbbd', '6', '6', '3'),
(172, '2015-08-26 06:47:21', '2015-09-15 09:14:34', 'live', NULL, '55239376e4b0f1bb4378cc35', '6', '6', '3'),
(173, '2015-08-26 06:47:21', '2015-09-15 09:14:34', 'live', NULL, '5524de23e4b0f1bb4378cca9', '6', '6', '3'),
(174, '2015-08-26 06:47:21', '2015-09-15 09:14:34', 'live', NULL, '552b347fe4b0f1bb4378cd14', '6', '6', '3'),
(175, '2015-08-26 06:47:21', '2015-09-15 09:14:34', 'live', NULL, '55389a34e4b0f1bb4378cf88', '6', '6', '3'),
(176, '2015-08-26 06:47:21', '2015-09-15 09:14:34', 'live', NULL, '5538aa9de4b0f1bb4378cff4', '6', '6', '3'),
(177, '2015-08-26 06:47:21', '2015-09-15 09:14:34', 'live', NULL, '5567c304e4b0032e0789944b', '6', '6', '3'),
(178, '2015-08-26 06:47:21', '2015-09-15 09:14:34', 'live', NULL, '5567dad9e4b0032e07899479', '6', '6', '3'),
(179, '2015-08-26 06:47:21', '2015-09-15 09:14:34', 'live', NULL, '556bb3b3e4b0032e07899488', '6', '6', '3'),
(180, '2015-08-26 06:47:21', '2015-09-15 09:14:34', 'live', NULL, '556bb4cfe4b0032e0789948d', '6', '6', '3'),
(181, '2015-10-19 04:02:05', '2015-10-19 04:03:43', 'live', NULL, '561f2038e4b0032e0789bfe9', '1,2,3', '1,2,3', '1,2,3,4'),
(182, '2015-10-19 04:02:05', '2015-10-19 04:04:09', 'live', NULL, '5620952ae4b0032e0789c0d0', '1,2,3,4,5', '1,2,3,4', '1,2,3,4,5');

-- --------------------------------------------------------

--
-- Table structure for table `schedules`
--

CREATE TABLE IF NOT EXISTS `schedules` (
  `schedule_id` int(11) NOT NULL AUTO_INCREMENT,
  `restaurant_id` varchar(100) NOT NULL,
  `schedule_category` int(11) NOT NULL,
  `schedule_status` enum('0','1') NOT NULL,
  `created_at` timestamp NOT NULL DEFAULT CURRENT_TIMESTAMP,
  `updated_at` timestamp NOT NULL DEFAULT CURRENT_TIMESTAMP,
  PRIMARY KEY (`schedule_id`),
  KEY `schedule_id` (`schedule_id`),
  KEY `schedule_id_2` (`schedule_id`)
) ENGINE=InnoDB DEFAULT CHARSET=latin1 AUTO_INCREMENT=1 ;

-- --------------------------------------------------------

--
-- Table structure for table `schedule_details`
--

CREATE TABLE IF NOT EXISTS `schedule_details` (
  `sched_details_id` int(11) NOT NULL AUTO_INCREMENT,
  `schedule_id` int(11) NOT NULL,
  `sched_day` varchar(50) NOT NULL,
  `sched_start_time` time NOT NULL,
  `sched_end_time` time NOT NULL,
  `sched_cutoff` time NOT NULL,
  `sched_online_reservation` enum('0','1') NOT NULL,
  `sched_max_pax` int(11) NOT NULL,
  `sched_min_size` int(11) NOT NULL,
  `sched_max_size` int(11) NOT NULL,
  `sched_time_slot_cap` enum('m','c') NOT NULL,
  `sched_status` enum('0','1') NOT NULL,
  `created_at` timestamp NOT NULL DEFAULT CURRENT_TIMESTAMP,
  `created_by` int(11) NOT NULL,
  `updated_at` timestamp NOT NULL DEFAULT CURRENT_TIMESTAMP,
  `updated_by` int(11) NOT NULL,
  PRIMARY KEY (`sched_details_id`)
) ENGINE=InnoDB DEFAULT CHARSET=latin1 AUTO_INCREMENT=1 ;

-- --------------------------------------------------------

--
-- Table structure for table `sms_notif_details`
--

CREATE TABLE IF NOT EXISTS `sms_notif_details` (
  `notif_sms_id` int(11) NOT NULL AUTO_INCREMENT,
  `notif_id` int(11) NOT NULL,
  `notif_mobile` varchar(50) NOT NULL,
  `created_at` timestamp NOT NULL DEFAULT CURRENT_TIMESTAMP,
  `created_by` int(11) NOT NULL,
  `updated_at` timestamp NOT NULL DEFAULT CURRENT_TIMESTAMP,
  `updated_by` int(11) NOT NULL,
  PRIMARY KEY (`notif_sms_id`)
) ENGINE=InnoDB DEFAULT CHARSET=latin1 AUTO_INCREMENT=1 ;

-- --------------------------------------------------------

--
-- Table structure for table `table_settings`
--

CREATE TABLE IF NOT EXISTS `table_settings` (
  `table_id` int(11) NOT NULL AUTO_INCREMENT,
  `restaurant_id` varchar(100) NOT NULL,
  `table_name` varchar(150) NOT NULL,
  `table_size` int(11) NOT NULL,
  `is_deleted` enum('0','1') NOT NULL,
  `created_at` timestamp NOT NULL DEFAULT CURRENT_TIMESTAMP,
  `created_by` int(11) NOT NULL,
  `updated_at` timestamp NOT NULL DEFAULT CURRENT_TIMESTAMP,
  `updated_by` int(11) NOT NULL,
  PRIMARY KEY (`table_id`)
) ENGINE=InnoDB DEFAULT CHARSET=latin1 AUTO_INCREMENT=1 ;

-- --------------------------------------------------------

--
-- Table structure for table `tags`
--

CREATE TABLE IF NOT EXISTS `tags` (
  `id` int(11) NOT NULL AUTO_INCREMENT,
  `created_at` timestamp NULL DEFAULT CURRENT_TIMESTAMP,
  `updated_at` timestamp NULL DEFAULT NULL ON UPDATE CURRENT_TIMESTAMP,
  `status` varchar(45) DEFAULT NULL,
  `type` varchar(45) DEFAULT NULL,
  `name` text,
  `index` int(11) DEFAULT NULL,
  `image` longtext NOT NULL,
  PRIMARY KEY (`id`)
) ENGINE=InnoDB  DEFAULT CHARSET=utf8 AUTO_INCREMENT=29 ;

--
-- Dumping data for table `tags`
--

INSERT INTO `tags` (`id`, `created_at`, `updated_at`, `status`, `type`, `name`, `index`, `image`) VALUES
(0, '2015-09-17 15:55:11', '2015-09-18 02:13:24', NULL, NULL, 'any', 0, 'http://52.74.54.234:7777/public/bg/lunch.png'),
(1, '2015-08-26 06:42:51', '2015-08-26 07:44:21', 'active', NULL, 'lunch', 1, 'http://52.74.54.234:7777/public/bg/lunch.png'),
(2, '2015-08-26 06:42:51', '2015-08-26 07:43:58', 'active', NULL, 'buffet', 2, 'http://52.74.54.234:7777/public/bg/buffet.png'),
(3, '2015-08-26 06:42:51', '2015-08-26 07:44:32', 'active', NULL, 'cafe', 3, 'http://52.74.54.234:7777/public/bg/cafe.png'),
(4, '2015-08-26 06:42:51', '2015-08-26 07:44:39', 'active', NULL, 'big groups', 4, 'http://52.74.54.234:7777/public/bg/big_group.png'),
(5, '2015-08-26 06:42:51', '2015-08-26 07:44:45', 'active', NULL, 'vegetarian', 5, 'http://52.74.54.234:7777/public/bg/vegetarian.png'),
(6, '2015-08-26 06:42:51', '2015-08-26 07:44:50', 'active', NULL, 'halal', 6, 'http://52.74.54.234:7777/public/bg/halal.png'),
(7, '2015-10-19 11:04:53', '2015-10-19 06:29:38', 'active', NULL, 'Cocktails', 7, '6a2xtMrz_cafe.png'),
(8, '2015-10-19 11:06:27', '2015-10-19 06:29:41', 'active', NULL, 'Brunch', 8, 'r0ija88m_cafe.png'),
(9, '2015-10-19 11:07:09', '2015-10-19 06:29:43', 'active', NULL, 'Breakfast', 9, '4JvISAta_cafe.png'),
(10, '2015-10-19 11:08:24', '2015-10-19 06:29:50', 'active', NULL, 'Dinner', 10, '0oaaUo6E_cafe.png'),
(11, '2015-10-19 11:09:09', '2015-10-19 06:29:55', 'active', NULL, 'Ala Carte', 11, 'b7a6oKzA_cafe.png'),
(12, '2015-10-19 14:47:20', '2015-10-19 06:55:45', 'active', NULL, 'Birthday', 12, ''),
(13, '2015-10-19 14:48:20', '2015-10-19 06:55:49', 'active', NULL, 'Nightlife ', 13, '1CvPrspT_cafe.png'),
(14, '2015-10-19 14:58:41', '2015-10-19 07:06:20', 'active', NULL, 'After Work', 14, '1ErihCR9_cafe.png'),
(15, '2015-10-19 14:59:42', '2015-10-19 07:06:22', 'active', NULL, 'BBQ', 15, 'xZGThndl_cafe.png'),
(16, '2015-10-19 15:00:10', '2015-10-19 07:06:25', 'active', NULL, 'Alfresco', 16, 'HFkRuqVe_cafe.png'),
(17, '2015-10-19 15:01:07', '2015-10-19 07:06:27', 'active', NULL, 'Child Friendly', 17, '8tBp4Pcd_cafe.png'),
(18, '2015-10-19 15:01:36', '2015-10-19 07:06:29', 'active', NULL, 'Large Groups', 18, '1Vf1TIwZ_cafe.png'),
(19, '2015-10-19 15:14:06', '2015-10-19 07:23:55', 'active', NULL, 'Takeaway', 19, 'Y8v8gjgg_cafe.png'),
(20, '2015-10-19 15:14:33', '2015-10-19 07:23:57', 'active', NULL, 'Bar', 20, '5kXbf6Il_cafe.png'),
(21, '2015-10-19 15:15:01', '2015-10-19 07:24:01', 'active', NULL, 'Corporate Events', 21, 'QAQlxIEC_cafe.png'),
(22, '2015-10-19 15:15:56', '2015-10-19 07:24:04', 'active', NULL, 'Full Bar', 22, 's0PcbS9Z_cafe.png'),
(23, '2015-10-19 15:16:20', '2015-10-19 07:24:06', 'active', NULL, 'Private Rooms', 23, 'BAIfQjnh_cafe.png'),
(24, '2015-10-19 15:19:01', '2015-10-19 07:24:09', 'active', NULL, 'Romantic Spots', 24, 'XUpjOJ7M_cafe.png'),
(25, '2015-10-19 15:19:29', '2015-10-19 07:24:11', 'active', NULL, 'Pet Friendly', 25, 'UMAB0ecC_cafe.png'),
(26, '2015-10-19 15:21:01', '2015-10-19 07:24:13', 'active', NULL, 'Non-Smoking', 26, 'j4Pynlgz_cafe.png'),
(27, '2015-10-19 15:21:57', '2015-10-19 07:24:15', 'active', NULL, 'Organic', 27, '1w3sezUe_cafe.png'),
(28, '2015-10-19 15:22:14', '2015-10-19 07:24:17', 'active', NULL, 'Healthy', 28, 'XwnLS4lT_cafe.png');

-- --------------------------------------------------------

--
-- Table structure for table `template`
--

CREATE TABLE IF NOT EXISTS `template` (
  `id` int(11) NOT NULL AUTO_INCREMENT,
  `created_at` timestamp NULL DEFAULT CURRENT_TIMESTAMP,
  `updated_at` timestamp NULL DEFAULT NULL ON UPDATE CURRENT_TIMESTAMP,
  `status` varchar(45) DEFAULT NULL,
  `type` varchar(45) DEFAULT NULL,
  PRIMARY KEY (`id`)
) ENGINE=InnoDB DEFAULT CHARSET=utf8 AUTO_INCREMENT=1 ;

-- --------------------------------------------------------

--
-- Table structure for table `users`
--

CREATE TABLE IF NOT EXISTS `users` (
  `id` int(11) NOT NULL AUTO_INCREMENT,
  `created_at` timestamp NULL DEFAULT CURRENT_TIMESTAMP,
  `updated_at` timestamp NULL DEFAULT NULL ON UPDATE CURRENT_TIMESTAMP,
  `status` varchar(45) DEFAULT 'active',
  `type` varchar(45) DEFAULT 'user',
  `id_raw_user` text,
  `id_raw_user_temp` text,
  `code` varchar(45) DEFAULT NULL,
  `first_name` varchar(45) DEFAULT NULL,
  `middle_name` varchar(45) DEFAULT NULL,
  `last_name` varchar(45) DEFAULT NULL,
  `designation` varchar(45) DEFAULT NULL,
  `email` text,
  `mobile` varchar(45) DEFAULT NULL,
  `birthdate` datetime DEFAULT '1960-01-01 00:00:00',
  `gender` varchar(45) DEFAULT NULL,
  `password` text,
  `verified` varchar(45) DEFAULT 'false',
  `points` double DEFAULT '0',
  `image` text,
  `fb_id` text,
  `fb_link` text,
  `gcm` text,
  PRIMARY KEY (`id`)
) ENGINE=InnoDB  DEFAULT CHARSET=utf8 AUTO_INCREMENT=73 ;

--
-- Dumping data for table `users`
--

INSERT INTO `users` (`id`, `created_at`, `updated_at`, `status`, `type`, `id_raw_user`, `id_raw_user_temp`, `code`, `first_name`, `middle_name`, `last_name`, `designation`, `email`, `mobile`, `birthdate`, `gender`, `password`, `verified`, `points`, `image`, `fb_id`, `fb_link`, `gcm`) VALUES
(3, '2015-08-11 04:19:48', '2015-08-11 04:19:50', 'active', 'user', '55c978b7e4b0dab9ae4da42a', '55c978b7e4b0dab9ae4da42a', NULL, 'lolamama', NULL, 'fransfurt', NULL, 'shang@gmail.com', '+631212121', NULL, NULL, NULL, 'false', 0, NULL, NULL, NULL, ''),
(4, '2015-08-11 04:21:36', '2015-08-11 04:44:00', 'active', 'user', '55c97953e4b0dab9ae4da42d', '55c97953e4b0dab9ae4da42d', '5531', 'bboo', NULL, 'lala', NULL, NULL, '+631254541', NULL, NULL, NULL, 'false', 0, NULL, NULL, NULL, ''),
(6, '2015-08-12 10:06:41', '2015-08-12 10:06:59', 'active', 'user', '55cb1a1ae4b07e4ac935a166', '55cb1a1ae4b07e4ac935a166', NULL, 'juliannexwerwerwe', 'dela ', 'cruz', NULL, 'wilhelmpaulxxxxxx@gmail.com', '+639110000000+', '1993-02-26 00:00:00', NULL, NULL, 'false', 0, NULL, NULL, NULL, ''),
(7, '2015-08-12 10:09:04', '2015-08-12 10:09:07', 'active', 'user', '55cb1b86e4b07fcc377e9713', '55cb1b86e4b07fcc377e9713', NULL, 'julian', 'dela ', 'cruz', NULL, 'wilhelmpaulxxxxxx@gmail.com', '+639176295300+', '1993-02-26 00:00:00', NULL, NULL, 'false', 0, NULL, NULL, NULL, ''),
(9, '2015-08-12 10:17:45', '2015-11-01 11:00:32', 'active', 'user', '55cb1ca0e4b07e4ac935a16a', '5635f1c7e4b0541e61bec7d4', '9349', 'Precious Julianne', 'dela ', 'Caparos', NULL, 'julianne.caparos@gmail.com', '+639175785844', '1970-01-01 00:00:00', NULL, NULL, 'false', 0, 'https://graph.facebook.com/10205256757554163/picture?type=normal', '10205256757554163', NULL, ''),
(10, '2015-08-28 02:29:32', '2015-08-28 02:45:32', 'active', 'user', '55dfcbf4e4b0dab9ae4da4ff', '55dfcbf4e4b0dab9ae4da4ff', NULL, 'Juan', NULL, 'dela Cruz', NULL, 'juan@mail.com', '+6391762953001', '2015-08-28 00:00:00', NULL, NULL, 'false', 0, NULL, NULL, NULL, ''),
(11, '2015-08-28 02:45:37', '2015-08-28 02:45:37', 'active', 'user', '55dfcbf9e4b0dab9ae4da500', '55dfcbf9e4b0dab9ae4da500', NULL, 'Juan', NULL, 'del 20Cruz', NULL, 'juan@mail.com', '+639176295300w', '2015-08-28 00:00:00', NULL, NULL, 'false', 0, NULL, NULL, NULL, ''),
(12, '2015-08-28 02:45:48', '2015-08-28 02:45:48', 'active', 'user', '55dfcc04e4b0dab9ae4da501', '55dfcc04e4b0dab9ae4da501', NULL, 'Juan', NULL, 'del Cruz', NULL, 'juan@mail.com', '+6391762953002', '2015-08-28 00:00:00', NULL, NULL, 'false', 0, NULL, NULL, NULL, ''),
(13, '2015-08-28 02:57:29', '2015-08-28 02:57:29', 'active', 'user', '55dfcec1e4b0dab9ae4da503', '55dfcec1e4b0dab9ae4da503', NULL, 'Juan', NULL, 'del Cruz', NULL, 'juan@mail.com', '+639176295305', '2015-08-28 00:00:00', NULL, NULL, 'false', 0, NULL, NULL, NULL, ''),
(14, '2015-08-28 02:57:41', '2015-08-28 02:57:41', 'active', 'user', '55dfcecde4b0dab9ae4da504', '55dfcecde4b0dab9ae4da504', NULL, 'Juan', NULL, 'del Cruz', NULL, 'juan@mail.com', '+639176295304', '2015-08-28 00:00:00', NULL, NULL, 'false', 0, NULL, NULL, NULL, ''),
(15, '2015-08-28 02:57:46', '2015-08-28 02:57:46', 'active', 'user', '55dfced2e4b0dab9ae4da505', '55dfced2e4b0dab9ae4da505', NULL, 'Juan', NULL, 'del Cruz', NULL, 'juan@mail.com', '+639176295303', '2015-08-28 00:00:00', NULL, NULL, 'false', 0, NULL, NULL, NULL, ''),
(16, '2015-08-28 03:14:22', '2015-10-22 06:33:20', 'active', 'user', '55dfd2b6e4b0dab9ae4da506', '56288415e4b0541e61bec612', '9501', 'Juan', NULL, 'del Cruz', NULL, 'juan@mail.com', '+639176295300', '2015-08-28 00:00:00', NULL, NULL, 'false', 0, NULL, NULL, NULL, ''),
(17, '2015-08-28 06:52:48', '2015-08-28 06:52:51', 'active', 'user', '55e005ebe4b0dab9ae4da50b', '55e005ebe4b0dab9ae4da50b', NULL, 'Juan', NULL, 'Del', NULL, 'juan@mail.com', '+639176295309', '2015-08-28 00:00:00', NULL, NULL, 'false', 0, NULL, NULL, NULL, ''),
(18, '2015-08-28 06:53:17', '2015-10-22 06:27:19', 'active', 'user', '55e00606e4b0dab9ae4da50c', '562882bde4b0541e61bec60e', NULL, 'Juan', NULL, 'Del', NULL, 'juan@mail.com', '+639176295302', '2015-08-28 00:00:00', NULL, NULL, 'false', 0, NULL, NULL, NULL, ''),
(19, '2015-08-28 09:32:44', '2015-08-28 09:32:44', 'active', 'user', '55e02b64e4b0dab9ae4da515', '55e02b64e4b0dab9ae4da515', NULL, 'Marc', NULL, 'S', NULL, 'je@g.com', '+635659544411', '2015-08-28 00:00:00', NULL, NULL, 'false', 0, NULL, NULL, NULL, ''),
(20, '2015-08-28 11:39:43', '2015-08-28 11:39:44', 'active', 'user', '55e04928e4b0dab9ae4da524', '55e04928e4b0dab9ae4da524', NULL, NULL, NULL, NULL, NULL, NULL, '', NULL, NULL, NULL, 'false', 0, NULL, NULL, NULL, ''),
(21, '2015-08-28 11:44:07', '2015-10-23 07:21:38', 'active', 'user', '55e04a30e4b0dab9ae4da525', '5629e0ebe4b0541e61bec6b8', '1658', 'marc darren', '', 'padilla', NULL, 'mpadilla@yondu.com', '+639152937136', '1990-09-11 00:00:00', NULL, NULL, 'false', 0, NULL, NULL, NULL, ''),
(22, '2015-09-04 08:17:47', '2015-11-03 01:56:36', 'active', 'user', '55e95465e4b0dab9ae4da5d5', '56381555e4b0541e61bec7ed', '3169', 'Apple', '', 'Testerssssss', NULL, 'apple_tester8@yahoo.com', '+639477844231', '1980-01-01 00:00:00', NULL, NULL, 'false', 0, 'https://graph.facebook.com/318964001607630/picture?type=normal', '318964001607630', NULL, NULL),
(23, '2015-09-06 06:30:58', '2015-10-23 07:04:00', 'active', 'user', '55ebde61e4b0dab9ae4da643', '5629daf6e4b07514216cfb49', '6038', 'Apples', '', 'Tested', NULL, 'apple_tester@yahoo.com', '+639175906997', '2001-12-21 00:00:00', NULL, NULL, 'false', 0, 'https://graph.facebook.com/318964001607630/picture?type=normal', '318964001607630', NULL, NULL),
(24, '2015-09-06 21:12:39', '2015-09-06 21:12:39', 'active', 'user', '55ecad07e4b0dab9ae4da659', '55ecad07e4b0dab9ae4da659', NULL, 'sam', NULL, 'son', NULL, 'sam@son.com', '+63333333333', NULL, NULL, NULL, 'false', 0, NULL, NULL, NULL, NULL),
(25, '2015-09-06 21:15:53', '2015-09-06 21:22:04', 'active', 'user', '55ecadcae4b0dab9ae4da65a', '55ecaf36e4b0dab9ae4da65c', '1300', 'asd', NULL, 'asd', NULL, 'asd@asd.asd', '+639279655571', NULL, NULL, NULL, 'false', 0, NULL, NULL, NULL, NULL),
(26, '2015-09-10 11:41:12', '2015-09-10 11:41:12', 'active', 'user', '55f16d22e4b0dab9ae4da7cf', '55f16d22e4b0dab9ae4da7cf', NULL, 'K', NULL, 'P', NULL, 'k@p.com', '+639171234567', '2015-01-10 00:00:00', NULL, NULL, 'false', 0, NULL, NULL, NULL, NULL),
(27, '2015-09-10 15:11:40', '2015-09-24 03:38:50', 'active', 'user', '55f19e76e4b0dab9ae4da7f7', '56037127e4b0dab9ae4dabc9', '1781', 'Q', NULL, 'W', NULL, 'q@w.com', '+631111111111', '2015-09-10 00:00:00', NULL, NULL, 'false', 0, NULL, NULL, NULL, NULL),
(28, '2015-09-10 15:18:44', '2015-09-24 08:17:03', 'active', 'user', '55f1a01fe4b0dab9ae4da7f8', '5603b25be4b0dab9ae4dabcc', '3011', 'Q', NULL, 'W', NULL, 'q@w.com', '+631111111112', '2015-09-10 00:00:00', NULL, NULL, 'false', 0, NULL, NULL, NULL, NULL),
(29, '2015-09-11 04:01:39', '2015-09-11 04:01:39', 'active', 'user', '55f252efe4b0dab9ae4da856', '55f252efe4b0dab9ae4da856', NULL, 'A', NULL, 'B', NULL, 'c@d.com', '+631111111113', '2015-09-11 00:00:00', NULL, NULL, 'false', 0, NULL, NULL, NULL, NULL),
(30, '2015-09-11 04:02:03', '2015-09-11 04:02:21', 'active', 'user', '55f25307e4b0dab9ae4da857', '55f25307e4b0dab9ae4da857', '7308', 'A', NULL, 'B', NULL, 'c@d.com', '+631111111114', '2015-09-11 00:00:00', NULL, NULL, 'false', 0, NULL, NULL, NULL, NULL),
(31, '2015-09-13 06:44:58', '2015-09-14 02:34:24', 'active', 'user', '55f51c3ce4b0dab9ae4da91c', '55f63303e4b0dab9ae4da943', NULL, 'Mark', NULL, 'Bantigue', NULL, 'markbantigue@gmail.com', '+639176223906', '1979-08-11 00:00:00', NULL, NULL, 'false', 0, NULL, NULL, NULL, NULL),
(32, '2015-09-14 03:20:30', '2015-10-26 03:37:19', 'active', 'user', '55f63dd2e4b0dab9ae4da944', '562da0e2e4b0541e61bec714', '2182', 'Lisa', NULL, 'Tantuco', NULL, 'ltantuco@yondu.com', '+639178571750', '1987-04-30 00:00:00', NULL, NULL, 'false', 0, NULL, NULL, NULL, NULL),
(33, '2015-09-15 09:57:00', '2015-10-21 00:11:23', 'active', 'user', '55f7ec43e4b0dab9ae4da973', '5626d90ce4b0541e61bec599', '8618', 'Diana', NULL, 'Santos', NULL, 'dsantos@yondu.com', '+639176202165', '1982-02-27 00:00:00', NULL, NULL, 'false', 0, NULL, NULL, NULL, NULL),
(34, '2015-09-16 07:12:27', '2015-09-16 07:12:37', 'active', 'user', '55f91735e4b0dab9ae4da9d6', '55f9173fe4b0dab9ae4da9d7', NULL, 'Ariane', '', 'Bundoc', NULL, 'ariane.bundoc@gmail.com', '+639178985876', '1987-12-11 00:00:00', NULL, NULL, 'false', 0, NULL, NULL, NULL, NULL),
(35, '2015-09-18 09:56:31', '2015-09-18 09:56:31', 'active', 'user', '55fbe0ade4b0dab9ae4dab0b', '55fbe0ade4b0dab9ae4dab0b', NULL, 'test', NULL, 'one', NULL, 'test.laptop@yahoo.com', '%2B631112223344', '1989-10-10 00:00:00', NULL, NULL, 'false', 0, NULL, NULL, NULL, NULL),
(36, '2015-09-21 05:35:37', '2015-09-21 06:59:35', 'active', 'user', '55ff980fe4b0dab9ae4dab18', '55ffabaee4b0dab9ae4dab38', '3530', 'Test', NULL, 'One', NULL, 'vpatag@yondu.com', '+634444444444', '1993-09-20 00:00:00', NULL, NULL, 'false', 0, NULL, NULL, NULL, NULL),
(37, '2015-09-21 06:43:06', NULL, 'active', 'user', NULL, NULL, NULL, 'test', NULL, 'two', NULL, 'a@a.a', '%2B633333333333333333333333333333333333333333', '2015-09-01 00:00:00', NULL, NULL, 'false', 0, NULL, NULL, NULL, NULL),
(38, '2015-09-21 06:43:37', '2015-09-21 06:43:37', 'active', 'user', '55ffa7ffe4b0dab9ae4dab30', '55ffa7ffe4b0dab9ae4dab30', NULL, 'test', NULL, 'two ', NULL, 'a@a.a', '%2B635555555555', '2015-09-22 00:00:00', NULL, NULL, 'false', 0, NULL, NULL, NULL, NULL),
(39, '2015-09-21 06:45:11', '2015-09-21 06:45:11', 'active', 'user', '55ffa85de4b0dab9ae4dab31', '55ffa85de4b0dab9ae4dab31', NULL, 'test', NULL, 'two', NULL, 'a@a.a', '%2B635555555557', '2015-09-28 00:00:00', NULL, NULL, 'false', 0, NULL, NULL, NULL, NULL),
(40, '2015-09-21 06:46:08', '2015-09-21 06:46:08', 'active', 'user', '55ffa896e4b0dab9ae4dab32', '55ffa896e4b0dab9ae4dab32', NULL, 'a', NULL, 'a', NULL, 'a@a.a', '%2B6311111111111', '2015-09-28 00:00:00', NULL, NULL, 'false', 0, NULL, NULL, NULL, NULL),
(41, '2015-09-21 06:51:20', '2015-09-21 06:51:20', 'active', 'user', '55ffa9cee4b0dab9ae4dab34', '55ffa9cee4b0dab9ae4dab34', NULL, 'a', NULL, 'a', NULL, 'a@a.a', '%2B6312334', '2015-09-20 00:00:00', NULL, NULL, 'false', 0, NULL, NULL, NULL, NULL),
(42, '2015-09-21 06:57:07', '2015-09-21 06:57:07', 'active', 'user', '55ffab29e4b0dab9ae4dab35', '55ffab29e4b0dab9ae4dab35', NULL, 'test', NULL, 'three', NULL, 'vpatag@yondu.com', '%2B631234567890', '2015-09-16 00:00:00', NULL, NULL, 'false', 0, NULL, NULL, NULL, NULL),
(43, '2015-09-21 06:58:46', '2015-09-21 06:58:46', 'active', 'user', '55ffab8ce4b0dab9ae4dab37', '55ffab8ce4b0dab9ae4dab37', NULL, 'test', NULL, 'four', NULL, 'vpatag@yondu.com', '%2B631234567891', '2015-09-16 00:00:00', NULL, NULL, 'false', 0, NULL, NULL, NULL, NULL),
(44, '2015-09-21 07:31:45', '2015-09-21 07:31:45', 'active', 'user', '55ffb348e4b0dab9ae4dab4a', '55ffb348e4b0dab9ae4dab4a', NULL, 'a', NULL, 'a', NULL, 'vpatag@yondu.com', '%2B637778889999', '2015-09-22 00:00:00', NULL, NULL, 'false', 0, NULL, NULL, NULL, NULL),
(45, '2015-09-21 07:36:00', '2015-09-21 07:36:00', 'active', 'user', '55ffb446e4b0dab9ae4dab4c', '55ffb446e4b0dab9ae4dab4c', NULL, 'John', NULL, 'Doe', NULL, 'test@test.com', '%2B639171122222', '1990-09-22 00:00:00', NULL, NULL, 'false', 0, NULL, NULL, NULL, NULL),
(46, '2015-09-21 07:38:45', '2015-09-21 07:38:45', 'active', 'user', '55ffb4ebe4b0dab9ae4dab4d', '55ffb4ebe4b0dab9ae4dab4d', NULL, 'john', NULL, 'doe', NULL, 'j@gmail.com', '%2B639171122223', '2015-09-21 00:00:00', NULL, NULL, 'false', 0, NULL, NULL, NULL, NULL),
(47, '2015-09-21 07:45:21', '2015-09-21 07:45:37', 'active', 'user', '55ffb678e4b0dab9ae4dab51', '55ffb680e4b0dab9ae4dab52', '3550', 'asdasd', NULL, 'asdas', NULL, 'asdasas@asdasd.asd', '+639171122223', '2015-09-23 00:00:00', NULL, NULL, 'false', 0, NULL, NULL, NULL, NULL),
(48, '2015-09-21 07:45:53', '2015-09-21 08:53:58', 'active', 'user', '55ffb697e4b0dab9ae4dab53', '55ffc671e4b0dab9ae4dab60', '1774', 'J', NULL, 'D', NULL, 'j@m.com', '+639111111112', '2015-09-21 00:00:00', NULL, NULL, 'false', 0, NULL, NULL, NULL, NULL),
(49, '2015-09-21 07:46:20', '2015-09-21 07:51:21', 'active', 'user', '55ffb6b2e4b0dab9ae4dab54', '55ffb77ee4b0dab9ae4dab58', '4564', 'Ayan', NULL, 'Bundoc', NULL, 'ayanembi@gmail.com', '+639173333333', '1990-09-22 00:00:00', NULL, NULL, 'false', 0, 'https://graph.facebook.com/10206058371313220/picture?type=normal', '10206058371313220', NULL, NULL),
(50, '2015-09-21 07:50:18', '2015-09-21 08:28:54', 'active', 'user', '55ffb7a0e4b0dab9ae4dab59', '55ffc0a4e4b0dab9ae4dab5f', '6513', 'test ', NULL, 'onetwo', NULL, 'vpatag@yondu.com', '+639998887777', '2015-09-21 00:00:00', NULL, NULL, 'false', 0, NULL, NULL, NULL, NULL),
(51, '2015-09-23 07:59:08', '2015-09-23 07:59:08', 'active', 'user', '56025cb7e4b0dab9ae4dabbb', '56025cb7e4b0dab9ae4dabbc', NULL, 'fghfgh', NULL, 'fghfghfgh', NULL, 'sdfsd@dasfsdf.sdf', '+639000000000', '2015-09-25 00:00:00', NULL, NULL, 'false', 0, NULL, NULL, NULL, NULL),
(52, '2015-09-23 08:00:10', '2015-09-23 08:00:10', 'active', 'user', '56025cf5e4b0dab9ae4dabbd', '56025cf5e4b0dab9ae4dabbe', NULL, 'asdasd', NULL, 'asdasd', NULL, 'asdas@asd.sad', '+639000000001', '2015-09-24 00:00:00', NULL, NULL, 'false', 0, NULL, NULL, NULL, NULL),
(53, '2015-09-23 08:01:09', '2015-09-23 08:01:09', 'active', 'user', '56025d30e4b0dab9ae4dabbf', '56025d30e4b0dab9ae4dabbf', NULL, 'asdas', NULL, 'dasdasd', NULL, 'sadfas@asdasd.asd', '+639000000002', '2015-09-22 00:00:00', NULL, NULL, 'false', 0, NULL, NULL, NULL, NULL),
(54, '2015-09-23 08:06:01', '2015-09-23 08:06:17', 'active', 'user', '56025e55e4b0dab9ae4dabc0', '56025e55e4b0dab9ae4dabc0', '7241', 'asdasd', NULL, 'asdasd', NULL, 'asdasd@sadfasd.asd', '+639000000003', '2015-09-24 00:00:00', NULL, NULL, 'false', 0, NULL, NULL, NULL, NULL),
(55, '2015-09-23 08:13:59', '2015-09-23 08:14:41', 'active', 'user', '56026033e4b0dab9ae4dabc1', '56026033e4b0dab9ae4dabc1', '5305', 'Aggi', NULL, 'Alfonso', NULL, 'aalfonso@yondu.com', '+639176294937', '1988-02-05 00:00:00', NULL, NULL, 'false', 0, NULL, NULL, NULL, NULL),
(56, '2015-09-25 17:01:23', '2015-09-25 17:01:24', 'active', 'user', '56057ed6e4b0dab9ae4dabcd', '56057ed6e4b0dab9ae4dabcd', NULL, 'test', '', 'test', NULL, 'test@test.com', '+63', '2015-09-25 00:00:00', NULL, NULL, 'false', 0, NULL, NULL, NULL, NULL),
(57, '2015-09-29 08:11:12', '2015-10-23 00:21:23', 'active', 'user', '560a489be4b0dab9ae4dabdd', '56297c81e4b07514216cfad1', '5828', 'Lisa', '', 'Tantuco', NULL, 'lisa.tantuco@gmail.com', '+639177993665', '1987-04-30 00:00:00', NULL, NULL, 'false', 0, NULL, NULL, NULL, NULL),
(58, '2015-09-29 08:11:15', '2015-10-05 04:39:51', 'active', 'user', '560a489ee4b0dab9ae4dabde', '56120015e4b0dab9ae4dac9f', '5368', 'Kenneth William', NULL, 'Yu', NULL, 'kenwillyu11@gmail.com', '+639175906997', '1991-07-12 00:00:00', NULL, NULL, 'false', 0, NULL, NULL, NULL, NULL),
(59, '2015-09-29 08:15:00', '2015-10-04 15:52:31', 'active', 'user', '560a497fe4b0dab9ae4dabe1', '560b8abbe4b0dab9ae4dac97', '7447', 'Paww', NULL, 'Mart', NULL, 'test@mail.com', '+639111111119', '1990-09-04 00:00:00', NULL, NULL, 'false', 0, NULL, NULL, NULL, NULL),
(60, '2015-09-30 04:43:03', '2015-09-30 04:43:45', 'active', 'user', '560b6954e4b0dab9ae4dac91', '560b6954e4b0dab9ae4dac91', '6984', 'Joan', NULL, 'Dcrux', NULL, 'jcrx@what.com', '+639000000010', '1975-11-17 00:00:00', NULL, NULL, 'false', 0, NULL, NULL, NULL, NULL),
(61, '2015-10-12 03:18:50', '2015-10-12 03:18:50', 'active', 'user', '561b2777e4b023116d3f4d2d', '561b2777e4b023116d3f4d2d', NULL, 'test', NULL, 'test', NULL, 'apple_tester8@yahoo.com', '+631112223344', '1989-10-12 00:00:00', NULL, NULL, 'false', 0, NULL, NULL, NULL, NULL),
(62, '2015-10-15 13:57:28', '2015-10-15 13:57:56', 'active', 'user', '561fafeee4b07514216c5cb1', '561fafeee4b07514216c5cb1', '1700', 'Ina', NULL, 'Tuason', NULL, 'ina.tuason@gmail.com', '+639178365775', '2005-05-08 00:00:00', NULL, NULL, 'false', 0, NULL, NULL, NULL, NULL),
(63, '2015-10-19 15:02:35', '2015-10-19 15:02:56', 'active', 'user', '5625052ee4b07514216ca9c6', '5625052ee4b07514216ca9c6', '4736', 'Timothy', NULL, 'Fernandez', NULL, 'timothy_jezreel_fernandez@yahoo.com', '+639178308418', '1990-11-07 00:00:00', NULL, NULL, 'false', 0, NULL, NULL, NULL, NULL),
(64, '2015-10-20 04:26:39', '2015-10-20 04:26:58', 'active', 'user', '5625c370e4b0541e61bec577', '5625c370e4b0541e61bec577', '7900', 'Mish', NULL, 'Umali', NULL, 'mishumali@gmail.com', '+639995958506', '2015-10-23 00:00:00', NULL, NULL, 'false', 0, NULL, NULL, NULL, NULL),
(65, '2015-10-23 02:08:44', '2015-10-23 02:09:16', 'active', 'user', '562997a4e4b0541e61bec667', '562997a4e4b0541e61bec667', '2508', 'Miguel Carlo', NULL, 'Abrera', NULL, 'mandrakeabs@gmail.com', '+639178080748', '1972-10-06 00:00:00', NULL, NULL, 'false', 0, NULL, NULL, NULL, NULL),
(67, '2015-10-24 15:10:47', '2015-10-24 15:15:48', 'active', 'user', '562ba073e4b0541e61bec6ed', '562ba192e4b0541e61bec6ef', '6721', 'Wilhelm Paul', NULL, 'Martinez', NULL, 'wilhelmpaulm@gmail.com', '+639279655572', NULL, NULL, NULL, 'false', 0, 'https://graph.facebook.com/870234823068154/picture?type=normal', NULL, NULL, NULL),
(68, '2015-10-27 02:23:24', '2015-10-28 05:27:25', 'active', 'user', '562edf39e4b07514216d4bfd', '56305da2e4b0541e61bec758', '4324', 'Carebear', NULL, 'Ablan', NULL, 'carebear.j.ablan@gmail.com', '+639178432737', '2015-11-13 00:00:00', NULL, NULL, 'false', 0, NULL, NULL, NULL, NULL),
(69, '2015-10-27 06:31:15', '2015-10-27 06:31:40', 'active', 'user', '562f1b36e4b0541e61bec736', '562f1b36e4b0541e61bec736', '4325', 'Tina', NULL, 'Francisco', NULL, 'mmfrancisco@globe.com.ph', '+639175883308', '2015-03-02 00:00:00', NULL, NULL, 'false', 0, NULL, NULL, NULL, NULL),
(70, '2015-10-28 02:11:49', '2015-10-28 02:11:49', 'active', 'user', '56302e02e4b07514216d607c', '56302e02e4b07514216d607c', NULL, 'Lisa', NULL, 'Tantuco', NULL, 'lisa_tantuco@yahoo.com', '', NULL, NULL, NULL, 'false', 0, 'https://graph.facebook.com/10153053640282821/picture?type=normal', NULL, NULL, NULL),
(71, '2015-10-30 07:52:10', '2015-10-30 07:52:10', 'active', 'user', '563320c4e4b07514216d8c71', '563320c4e4b07514216d8c71', NULL, 'ZAP', NULL, 'ZAP', NULL, 'foo-bar@example.com', '+631', '0000-00-00 00:00:00', NULL, NULL, 'false', 0, NULL, NULL, NULL, NULL),
(72, '2015-11-01 16:38:10', '2015-11-01 16:38:28', 'active', 'user', '56364102e4b0541e61bec7d7', '56364102e4b0541e61bec7d7', '2028', 'Chrissie', NULL, 'Soriano', NULL, 'soriano.chrissie@gmail.com', '+639209286516', '1988-09-24 00:00:00', NULL, NULL, 'false', 0, NULL, NULL, NULL, NULL);

/*!40101 SET CHARACTER_SET_CLIENT=@OLD_CHARACTER_SET_CLIENT */;
/*!40101 SET CHARACTER_SET_RESULTS=@OLD_CHARACTER_SET_RESULTS */;
/*!40101 SET COLLATION_CONNECTION=@OLD_COLLATION_CONNECTION */;
